Nachname;Name;Oberthema;Thema;Fundstelle;Sitzung;Datum;;
Agnes;Lore Agnes;Gerichtsverfassung;Frauen als Schöffen, Geschworene und Laienrichter. Gesetzentwurf: II. B.;Bd. 354, 204. Sitz. S. 6912C ;204;1922-04-06;;
Agnes;Lore Agnes;Rheinland Landwirte und Müller;Sabotierung der Reichsgetreideordnung/Beschimpfung der reichstreuen Rheinländer/v. Falkenhayn, Direktor der Reichsgetreidestelle;Bd. 346, 49. Sitz. S. 1827D ;49;1920-12-17;;
Agnes;Lore Agnes;Wochenhilfe und Wochenfürsorge;Gesetzentwurf: II. B./Einkommensgrenze für Minderbemittelte/Hebammenwesen, Verstaatlichung/SchwangerschaftsunterstützungStillgeld, Begrenzung, Milchverbilligung;Bd. 350, 132. Sitz. S. 4460C ;132;1921-07-06;;
Agnes;Lore Agnes;Wochenhilfe und Wochenfürsorge;Gesetzesentwurf III B/ Stellung der Unabhängigen SozialdemokratieStillgeld, Begrenzung, Milchverbilligung;Bd. 350, 133. Sitz. S. 4527B;133;1921-07-07;;
Agnes;Lore Agnes;Wochenhilfe und Wochenfürsorge;Stillgeld, Begrenzung, Milchverbilligung;Bd. 350, 133. Sitz. S. 4531A ;133;1921-07-07;;
Agnes;Lore Agnes;Wochenhilfe und Wochenfürsorge;Gesetzesentwurf II. B.;Bd. 351, 150. Sitz. S. 5239B ;150;1921-12-15;;
Agnes;Lore Agnes;Zuckersteuergesetz;Zucksteuer Abänderung. Gesetzentwurf: II. B.;Bd. 353, 195. Sitz. S. 6594D ;195;1922-03-24;;
Baum;Dr. phil. Marie Baum;Gerichtsverfassung;Zulassung der Frauen zum Schöffen- und Geschworenenamt;Bd. 347, 73. Sitz. S. 2623C;73;1921-03-02;;
Baum;Dr. phil. Marie Baum;Jugendwohlfahrt;Reichsjugendwohlfahrtsgesetz: Aufbringung der Kosten, Zusammenfassung der privaten und öffentlichen Fürsorge/ Jugendämter. Besetzung mit sozialgeschulten Kräften;Bd. 347, 58. Sitz. S. 2175B ;58;1921-01-27;;
Bäumer;Dr. phil. Getrud Bäumer;Beamte und Beamtinnen;Disziplinierung wegen unehelicher Vaterschaft/Beamtinnen, uneheliche Mutterschaft, Stellung weiblicher Berufsverbände;Bd. 354, 204. Sitz. S. 6929B ;204;1922-04-06;;
Bäumer;Dr. phil. Getrud Bäumer;Geschlechtskrankheiten;Bekämpfung/Ausstellung von Gegenständen zur Verhütung von Geschlechtskrankheiten, Strafbarkeit/Gewerbsmäßige Unzucht, Strafbarkeit/Polizeiliche Reglementierung, Bordelle, Sittenkontrolle;Bd. 360, 367. Sitz. S. 11424D - S. 112425C;367;1923-06-16;;
Bäumer;Dr. phil. Getrud Bäumer;Preise;Unbegründete Erhöhungen, Einsetzung eines Untersuchungsausschusses (Antrag Müller (Franken)/Milch für Säuglinge und Kinder/Not der Rentner;Bd. 357, 289. Sitz. S. 9472D ;357;1923-01-17;;
Bäumer;Dr. phil. Getrud Bäumer;Schulen;Reichsschulkonferenz, Ausschaltung eines besonderen Referats über Mädchenschulen;Bd. 345, 30. Sitz. S. 1111C;30;1920-11-19;;
Bäumer;Dr. phil. Getrud Bäumer;Schulen;Berechtigungswesen;Bd. 352, 164. Sitz. S. 5666A ;164;1922-01-31;;
Behm;Margarete Behm;Arbeitslosigkeit und Erwerbslosenfürsorge;Interpellation Frau Ansorge und Antrag Ledebour/ Geschäftsordnung;Bd. 345, 19. Sitz. S. 735D;19;1920-08-05;;
Behm;Margarete Behm;Besetzte Gebiete;Gesundheitswesen, Bordelle;Bd. 357, 280. Sitz. S. 9280C;280;1922-12-12;;
Behm;Margarete Behm;Ein- und Ausfuhrbewilligungen;Fühlungnahme des Reichskommissars mit Leuten der Praxis;Bd. 346, 41. Sitz. S. 1461C;41;1920-10-02;;
Behm;Margarete Behm;Gerichte;Entlastung Gesetzesentwurf III B;Bd. 348, 78. Sitz. S. 2741C;78;1921-03-08;;
Behm;Margarete Behm;Gewerbe- und Kaufmannsgerichte;Passives Wahlrecht der Frauen;Bd. 348, 74. Sitz. S. 2639B;74;1921-03-03;;
Behm;Margarete Behm;Gewerbeaufsicht;Zulassung von Frauen;Bd. 347, 69. Sitz. S. 2505D;69;1921-02-25;;
Behm;Margarete Behm;Heimarbeit, Hausindustrie;Einbeziehung in die Kranken-, Invaliden- und Hinterbliebenenversicherung/ Organisierung zur Regelung der Lohn- und Arbeitsbedingungen/ Lohnämter oder Fachausschüsse/ Festlegung eines Wochenarbeitsquantums;Bd. 347, 69. Sitz. S. 2504B;69;1921-02-25;;
Behm;Margarete Behm;Heimarbeit, Hausindustrie;Abänderung des Hausarbeitsgesetzes, Gesetzentwurf: I. B;Bd. 359, 326. Sitz. S. 10385C;359;1921-03-23;;
Behm;Margarete Behm;Heimarbeit, Hausindustrie;Einbeziehung in die Kranken-, Invaliden- und Hinterbliebenenversicherung;Bd. 350, 132. Sitz. S. 4447A;132;1921-07-06;;
Behm;Margarete Behm;Heimarbeit, Hausindustrie;Bekleidungsgewerbe, Notlage (Anfrage);Bd. 351, 146. Sitz. S. 5058C;351;1921-11-18;;
Behm;Margarete Behm;Heimarbeit, Hausindustrie;Bekleidungsgewerbe, Notlage. (Anfrage);Bd. 351, 146. Sitz. S. 5059A;351;1921-11-18;;
Behm;Margarete Behm;Heimarbeit, Hausindustrie;Einbeziehung in die Kranken-, Invaliden- und Hinterbliebenenversicherung;Bd. 354, 205. Sitz. S. 6983C;205;1922-04-07;;
Behm;Margarete Behm;Heimarbeit, Hausindustrie;Heimarbeit, Abschaffung/Abänderung des Hausarbeitsgesetz, Gesetzesentwurf III. B/Lohnämter oder Fachausschüsse;Bd. 360, 367. Sitz. S. 11429A;367;1923-06-16;;
Behm;Margarete Behm;Innungen;Wählbarkeit von Frauen in Vorstand und Ausschüsse;Bd. 348, 78. Sitz. S. 2741C;78;1921-03-08;;
Behm;Margarete Behm;Invalidenversicherung;Anderweite Festsetzung der Leistungen und der Beiträge. Gesetzentwurf: II. B;Bd. 350, 132. Sitz. S. 4447A;132;1921-07-06;;
Behm;Margarete Behm;Kaiserin Auguste Viktoria;Verbot einer Gedächtnisfeier an ihrem Grabe;Bd. 351, 140. Sitz. S. 4808C;140;1921-11-04;;
Behm;Margarete Behm;Reichshaushalt;Reichshaushaltsplan für 1920, Reichswirtschaftsministerium: II. B;Bd. 346, 41. Sitz. S. 1461B;41;1920-12-02;;
Behm;Margarete Behm;Reichshaushalt;Reichshaushaltsplan für 1920, Reichsarbeitsministerium: II. B;Bd. 347, 69. Sitz. S. 2503C;69;1921-02-25;;
Behm;Margarete Behm;Reichshaushalt;Reichshaushalt für 1921, Dritter Nachtrag: II. B.;Bd. 352, 152. Sitz. S. 5353A;152;1921-12-17;;
Behm;Margarete Behm;Reichshaushalt;Reichshaushalt für 1922. Reichsministerium des Innern: II. B.;Bd. 357, 280. Sitz. S. 9280B;280;1922-12-12;;
Behm;Margarete Behm;Versicherungswesen;Reichsversicherungsordnung, Reform. Antrag Frau Agnes u. Bartz (Hannover) (Geschäftsordnung);Bd. 351, 137. Sitz. S. 4728D;137;1921-10-01;;
Behm;Margarete Behm;Versicherungswesen;Änderungen der Reichsversicherungsordnung. Gesetzentwurf: II. B/ Änderung des Titels: »Gesetz über Änderungen der Reichsversicherungsordnung« in »Gesetz über die Versicherung der Hausgewerbetreibenden« (Berichterstatterin);Bd. 354, 205. Sitz. S. 6983C;205;1922-04-07;;
Behm;Margarete Behm;Wochenhilfe;Gesetzentwurf: II. B./ Stillgeld, Begrenzung oder gleitender Leistungsbeitrag, Milchverbilligung;Bd. 351, 150. Sitz. S. 5245B;150;1921-12-15;;
Brönner;Elisabeth Brönner;Polen;Verhaftung des Dr. van Holtum und des Dr. Wagner (Anfrage);Bd. 344, 6. Sitz. S. 128B;6;1920-07-02;;
Dransfeld;Hedwig Dransfeld;Beamte und Beamtinnen;Disziplinierung wegen unehelicher Vaterschaft/ Uneheliche Mutterschaft, Stellung weiblicher Berufsverbände;Bd. 354, 204. Sitz. S. 6921B;204;1922-04-06;;
Dransfeld;Hedwig Dransfeld;Beamte und Beamtinnen;Uneheliche Mutterschaft, Stellung weiblicher Berufsverbände;Bd. 354, 204. Sitz. S. 6933C;204;1922-04-06;;
Dransfeld;Hedwig Dransfeld;Gerichte;Entlastung. Gesetzentwurf: II. B;Bd. 3+F116:F14047, 73. Sitz. S. 2623B;73;1921-03-02;;
Dransfeld;Hedwig Dransfeld;Gerichte;Entlastung. Gesetzentwurf: III. B;Bd. 348, 78. Sitz. S. 2731B;78;1921-03-08;;
Dransfeld;Hedwig Dransfeld;Gerichtsverfassung;Zulassung der Frauen zum Schöffen- und Geschworenenamt;Bd. 347, 73. Sitz. S. 2623B;73;1921-03-02;;
Dransfeld;Hedwig Dransfeld;Gerichtsverfassung;Zulassung der Frauen zum Schöffen- und Geschworenenamt;Bd. 348, 78. Sitz. S. 2731C;78;1921-03-08;;
Dransfeld;Hedwig Dransfeld;Gesundheitswesen;Psychopathenfürsorge;Bd. 348, 86. Sitz. S. 3035A;86;1921-03-16;;
Dransfeld;Hedwig Dransfeld;Kleinrentner;Höhe des Unterstützungsfonds, Richtlinien des Reichsarbeitsministeriums  über die Verwendung/ Vorlegung einer Denkschrift über die Hilfsmaßnahmen der Länder und Gemeinden und die praktischen Erfahrungen dabei;Bd. 355, 214. Sitz. S. 7407A;214;1922-05-19;;
Dransfeld;Hedwig Dransfeld;Lichtspiele;"Filme für Schul- und Bildungszwecke/Gebührenfreiheit für Prüfung von Lehrfilmen; Übertragung auf die Filmprüfungsstellen/ Reichsfilmstelle, Neuorganisation";Bd. 348, 85. Sitz. S. 3001A;85;1921-03-15;;
Dransfeld;Hedwig Dransfeld;Lichtspiele;Lichtspielgesetz. Änderung. Gesetzentwurf: II. B. (Berichterstatterin);Bd. 357, 278. Sitz. S. 9237C;278;1922-12-07;;
Dransfeld;Hedwig Dransfeld;Literatur;Schund- und Schmutzliteratur. Vorlegung eines Gesetzentwurfs;Bd. 348, 86. Sitz. S. 3036B;86;1921-03-16;;
Dransfeld;Hedwig Dransfeld;Reichshaushalt;Reichshaushaltsplan für 1920. Reichsministerium des Innern nebst Ergänzung: II. B;Bd. 348, 85. Sitz. S. 3001A;85;1921-03-15;;
Dransfeld;Hedwig Dransfeld;Reichshaushalt;Reichshaushaltsplan für 1920. Reichsministerium des Innern nebst Ergänzung: II. B;Bd. 348, 86. Sitz. S. 3035A;86;1921-03-16;;
Dransfeld;Hedwig Dransfeld;Reichshaushalt;Reichshaushaltsplan für 1922, Reichsministerium des Innern: II. B.;Bd. 354, 204. Sitz. S. 6921A;204;1922-04-06;;
Dransfeld;Hedwig Dransfeld;Reichshaushalt;Reichshaushaltsplan für 1922, Reichsministerium des Innern: II. B.;Bd. 354, 204. Sitz. S. 6933C;204;1922-04-06;;
Dransfeld;Hedwig Dransfeld;Reichshaushalt;Reichsarbeitsministerium: II. B.;Bd. 355, 214. Sitz. S. 7407A;214;1922-05-19;;
Eichler;Wilhelmine Eichler;Länder;Absprengung von den Vereinigten Thüringer Kleinstaaten (Enklave Ostheim) (Anfrage);Bd. 354, 199. Sitz S.6743A;354;1922-03-31;;
Fritsch;Milka Fritsch;Geschlechtskrankheiten;Bekämpfung. Gesetzesentwurf II. B./ Behandlungszwang, Behandlungsrecht;Bd. 360, 365. Sitz. S11367D;365;1923-06-14;;
Fritsch;Milka Fritsch;Prostitution;Polizeiliche Reglementierung;Bd. 360, 365. Sitz. S.11368B;365;1923-06-14;;
Hoffmann;Hedwig Hoffmann;Münzwesen;Ausprägung von Hartgeld in den Werten von 1 bis 10 M. (Anfrage);Bd. 353, 195. Sitz. S. 6572D;195;1922-03-24;;
Juchacz;Marie Juchaz;Gerichte;Entlastung der Gerichte. Gesetzentwurf: III. B.;Bd. 348, 78. Sitz. S. 2741D;78;1921-03-08;;
Juchacz;Marie Juchaz;Gewerbeordnung;Wählbarkeit von Frauen in Innungen zu Mitgliedern des Vorstandes und der Ausschüsse;Bd. 348, 78. Sitz. S. 2741D;78;1921-03-08;;
Juchacz;Marie Juchaz;Jugendwohlfahrtsgesetz;Gesetzentwurf: II. B.;Bd. 355, 225. Sitz. S. 7788A;225;1922-06-13;;
Juchacz;Marie Juchaz;Kinderschutzgesetz;Änderung des Gesetzes von 1903;Bd. 355, 225. Sitz. S. 7789C;225;1922-06-13;;
Juchacz;Marie Juchaz;Reichswohlfahrtsgesetz;Schaffung an Stelle eines Unterstützungswohnsitzgesetzes und der neueren sozialpolitischen Unterstützungsgesetze (Anfrage);Bd. 348, 75. Sitz. S. 2649C;75;1921-03-04;;
Juchacz;Marie Juchaz;Uneheliche Kinder;Befreiung von der Aufsicht des Jugendamts;Bd. 355, 225. Sitz. S. 7789A;225;1922-03-13;;
Juchacz;Marie Juchaz;Uneheliche Mutterschaft;Ausdehnung des Mutterschutzes vor und nach der Geburt auf außereheliche Mütter;Bd. 355, 225. Sitz. S. 7789B;225;1922-03-13;;
Kähler;Wilhelmine Kähler;Hausangestellte;Überleitung junger Mädchen aus der Industrie in die Hauswirtschaf;Bd. 347, 69. Sitz. S. 2495B;69;1921-02-25;;
Kähler;Wilhelmine Kähler;Reichshaushaltsplan für 1920;Reichsarbeitsministerium: II. B.;Bd. 347, 69. Sitz. S. 2495B;69;1921-02-25;;
Lang-Brumann;Thusnelda Lang-Brumann;Gemeinden;Finanznot der Gemeinden: Interpellation Dr. Petersen/ Besteuerung des reichssteuerfreien Einkommenteils, Wegfall, Wirkung auf die Gemeindefinanzen;Bd. 352, 155. Sitz. S. 5425B;155;1922-01-20;;
Lang-Brumann;Thusnelda Lang-Brumann;Geschlechtskrankheiten;Gesetzentwurf: II. B.;Bd. 360, 364. Sitz. S. 11325C;364;1923-06-13;;
Lang-Brumann;Thusnelda Lang-Brumann;Geschlechtskrankheiten;Gewerbsmäßige Unzucht, Polizeiliche Reglementierung, Bordelle;Bd. 360, 364. Sitz. S. 11325C;364;1923-06-13;;
Lang-Brumann;Thusnelda Lang-Brumann;Geschlechtskrankheiten;Gesetzentwurf: II. B.;Bd. 360, 367. Sitz. S. 11419B;367;1923-06-16;;
Lang-Brumann;Thusnelda Lang-Brumann;Geschlechtskrankheiten;Gewerbsmäßige Unzucht, Verbot in der Nähe bestimmter Örtlichkeiten und Wohnungen;Bd. 360, 367. Sitz. S. 11419B;367;1923-06-16;;
Lang-Brumann;Thusnelda Lang-Brumann;Jugendwohlfahrtsgesetz;Interpellation Frau Neuhaus (Westfalen)/ Freie Liebestätigkeit, private Vereinigungen, Aufrechterhaltung;Bd. 347, 58. Sitz. S. 2183C;58;1921-01-27;;
Lang-Brumann;Thusnelda Lang-Brumann;Jugendwohlfahrtsgesetz;Reichsjugendwohlfahrtsgesetz. Entwurf: II. B./Jugendämter als Vormundschaftsbehörden/ Kosten der Ausführung;Bd. 355, 226. Sitz. S. 7810C;226;1922-06-14;;
Lang-Brumann;Thusnelda Lang-Brumann;Schulen;Kadettenanstalten. Verwendung der ehemaligen militärischen Bildungsanstalten;Bd. 350, 127. Sitz. S. 4225A;127;1921-06-30;;
Lang-Brumann;Thusnelda Lang-Brumann;Schulen;Ausführung des Art. 146 Abs. 2 der Reichsverfassung (Schulformen -- Gemeinschaftsschule, Bekenntnisschule, weltliche Schule, Weltanschauungsschule --, Religionsunterricht). Gesetzentwurf: I. B;Bd. 352, 158. Sitz. S. 5524B;158;1922-01-24;;
Lang-Brumann;Thusnelda Lang-Brumann;Wohnungswesen;Förderung des Wohnungsbaues, vorläufige. Gesetzentwurf Müller (Franken) u. Gen.: I. B;Bd. 347, 65. Sitz. S. 2352C;65;1921-02-03;;
Lang-Brumann;Thusnelda Lang-Brumann;Wohnungswesen;Erhebung einer Abgabe zur Forderung des Wohnungsbaues. Gesetzentwurf: II. B./ Wohnungsbauabgabe, Bildung eines Reichsausgleichsfonds, Aufgaben;Bd. 350, 119. Sitz. S. 4049B;119;1921-06-21;;
Lüders;Dr. rer. pol. Marie Elisabeth Lüders;Arbeiterinnen;Heraufsetzung des Schutzalters;Bd. 347, 57. Sitz. S. 2137A;57;1921-01-26;;
Lüders;Dr. rer. pol. Marie Elisabeth Lüders;Besetzte Gebiete;Beschlagnahme bestellten Ackerlandes bei Düren zur Errichtung von Flugzeughallen. (Anfrage);Bd. 345, 24. Sitz. S. 853A;24;1920-10-29;;
Lüders;Dr. rer. pol. Marie Elisabeth Lüders;Besetzte Gebiete;Vergebung von Mobiliarlieferungen für die französische Besatzung in Mainz  (Anfrage);Bd. 345, 24. Sitz. S. 854C;24;1920-10-29;;
Lüders;Dr. rer. pol. Marie Elisabeth Lüders;Besetzte Gebiete;Ausschreitungen farbiger und weißer Franzosen und der Quartierlasten zur Veröffentlichung und unparteiischen Nachprüfung. (Anfrage);Bd. 351, 148. Sitz. S. 5167C;148;1921-12-13;;
Lüders;Dr. rer. pol. Marie Elisabeth Lüders;Besetzte Gebiete;Ausschreitungen farbiger und weißer Franzosen und der Quartierlasten zur Veröffentlichung und unparteiischen Nachprüfung. (Anfrage);Bd. 351, 148. Sitz. S. 5168B;148;1921-12-13;;
Lüders;Dr. rer. pol. Marie Elisabeth Lüders;Ehe;Umgestaltung des Ehescheidungs- und ehelichen Güterrechts;Bd. 347, 57. Sitz. S. 2135C;57;1921-01-26;;
Lüders;Dr. rer. pol. Marie Elisabeth Lüders;Frauen;Zulassung zu allen berufsständischen Vertretungskörpern und ihren Organen/ Zulassung zum Börsenbesuch/ Zulassung zum Schöffen- und Geschworenenamt;Bd. 346, 41. Sitz. S. 1456C;41;1920-12-02;;
Lüders;Dr. rer. pol. Marie Elisabeth Lüders;Frauen;Zulassung zum Schöffen- und Geschworenenamt/ Juristische Vorbildung und Ausbildung/ Zulassung zur gesamten Rechtspflege;Bd. 347, 57. Sitz. S. 2133C;57;1921-01-26;;
Lüders;Dr. rer. pol. Marie Elisabeth Lüders;Frauen;Wählbarkeit für die Gewerbe- und Kaufmannsgerichte.;Bd. 348, 74. Sitz. S. 2640A;74;1921-03-03;;
Lüders;Dr. rer. pol. Marie Elisabeth Lüders;Frauen;Zulassung zum Schöffen- und Geschworenenamt;Bd. 348, 78. Sitz. S. 2732C;78;1921-03-08;;
Lüders;Dr. rer. pol. Marie Elisabeth Lüders;Frauen;Heranziehung der Frauen zum Schöffen- und Geschworenenamte. Gesetzentwurf: II. B. (Berichterstatterin);Bd. 354, 204. Sitz. S. 6911D;204;1922-04-06;;
Lüders;Dr. rer. pol. Marie Elisabeth Lüders;Gerichte;Entlastung. Gesetzentwurf: III. B.;Bd. 348, 78. Sitz. S. 2732C;78;1921-03-08;;
Lüders;Dr. rer. pol. Marie Elisabeth Lüders;Gerichtsverfassung;Frage der Sondergerichte;Bd. 347, 57. Sitz. S. 2133B;57;1921-01-26;;
Lüders;Dr. rer. pol. Marie Elisabeth Lüders;Geschlechtskrankheiten;Prostitution, Polizeiliche Reglementierung, Bordelle, Sittenkontrolle/ Salvarsan, Zweckmäßigkeit der Behandlung mit Salvarsan;Bd. 347, 57. Sitz. S. 2137D;57;1921-03-08;;
Lüders;Dr. rer. pol. Marie Elisabeth Lüders;Geschlechtskrankheiten;Bekämpfung. Gesetzentwurf: II. B./ Meldepflicht und Meldeanzeige/ Behandlung, Frage der Zulassung von Laien, Naturheilkundigen und der Kurierfreiheit überhaupt/ Prostitution. Polizeiliche Reglementierung, Bordelle, Sittenkontrolle;Bd. 360, 364. Sitz. S. 11328C;364;1923-06-13;;
Lüders;Dr. rer. pol. Marie Elisabeth Lüders;Handwerk;Zusammenfassung der Handwerksfragen in einer Abteilung beim Reichswirtschaftsministerium;Bd. 346, 41. Sitz. S. 1457B;41;1920-12-02;;
Lüders;Dr. rer. pol. Marie Elisabeth Lüders;Hausfrauen;Anerkennung ihrer Berufstätigkeit;Bd. 346, 41. Sitz. S. 1457A;41;1920-12-02;;
Lüders;Dr. rer. pol. Marie Elisabeth Lüders;Jugendwohlfahrt;Entwurf eines Reichsjugendwohlfahrtsgesetzes: II. B.;Bd. 355, 225. Sitz. S. 7786D;225;1922-06-13;;
Lüders;Dr. rer. pol. Marie Elisabeth Lüders;Jugendwohlfahrt;Entwurf eines Reichsjugendwohlfahrtsgesetzes: II. B.;Bd. 355, 226. Sitz. S. 7806D;226;1922-06-14;;
Lüders;Dr. rer. pol. Marie Elisabeth Lüders;Sonntagsruhe;Durchbrechung der Verordnung der Reichsregierung vom 5. Februar 1919 durch Verordnungen der Bayerischen Regierung. (Anfrage);Bd. 346, 49. Sitz. S. 1758C;49;1920-12-17;;
Matz;Dr. phil Elsa Matz;Beamte;Uneheliche Mutterschaft der weiblichen Beamten;Bd. 354, 204. Sitz. S. 6932C;204;1922-04-06;;
Matz;Dr. phil Elsa Matz;Dienstjahr, wirtschaftliches;Einführung für die weibliche Jugend;Bd. 348, 85. Sitz. S. 3000D;85;1921-03-15;;
Matz;Dr. phil Elsa Matz;Friedensvertrag von Versailles;Ablieferung von Milchkühen. (Anfrage);Bd. 345, 27. Sitz. S. 982A;27;1920-11-05;;
Matz;Dr. phil Elsa Matz;Hafer;Versorgung der Pferdehalter der Berliner Gemeinden. (Anfrage);Bd. 345, 27. Sitz. S. 977D;27;1920-11-05;;
Matz;Dr. phil Elsa Matz;Hochschule für Leibesübungen;Umwandlung in eine Reichsanstalt;Bd. 354, 204. Sitz. S. 6950A;204;1922-04-06;;
Matz;Dr. phil Elsa Matz;Jugendliche Personen;Reichsjugendwohlfahrtsgesetz, Vorlegung. Interpellation Frau Neuhaus (Westfalen);Bd. 347, 58. Sitz. S. 2177D;58;1921-01-27;;
Matz;Dr. phil Elsa Matz;Jugendliche Personen;Körperliche Ertüchtigung, Jugendwandern usw., Forderung;Bd. 354, 204. Sitz. S. 6949D;204;1922-04-06;;
Matz;Dr. phil Elsa Matz;Jugendverbände;Ausschuß deutscher Jugendverbände, Zusammenschluß;Bd. 358, 303. Sitz. S. 9769D;303;1923-02-20;;
Matz;Dr. phil Elsa Matz;Kleinrentner;Fürsorge, Richtlinien des Reichsarbeitsministeriums/ Gesetzliche Regelung der Fürsorge, Zuziehung des Deutschen Rentnerbunds/ Steuererleichterungen;Bd. 355, 214. Sitz. S. 7408B;214;1922-05-19;;
Matz;Dr. phil Elsa Matz;Kleinrentner;Kleinrentnerfürsorge, Gesetzentwurf: II. B.;Bd. 358, 294. Sitz. S. 9569A;294;1923-01-31;;
Matz;Dr. phil Elsa Matz;Lichtspielwesen;Herstellung guter Filme für Schul- und Bildungszwecke/ Reichsfilmstelle, Ausbau;Bd. 348, 85. Sitz. S. 2999C;85;1921-03-15;;
Matz;Dr. phil Elsa Matz;Lichtspielwesen;Reichsfilmstelle, Ausbau/ Nachprüfung des Gesetzes vom 12. Februar 1920/ Verbot des Films »Die schwarze Schmach«;Bd. 354, 204. Sitz. S. 6949A;204;1922-04-06;;
Matz;Dr. phil Elsa Matz;Liebesgaben;Behandlung ausländischer Liebesgabensendungen durch den Reichskommissar für Aus- und Einfuhrbewilligung. (Anfrage);Bd. 346, 39. Sitz. S. 1359C;39;1920-11-30;;
Matz;Dr. phil Elsa Matz;Reichshaushalt;Reichshaushaltsplan für 1920. Reichsministerium des Innern: II. B.;Bd. 348, 85. Sitz. S. 2998D;85;1921-03-15;;
Matz;Dr. phil Elsa Matz;Reichshaushalt;Reichshaushaltsplan für 1922. Reichsministerium des Innern: II. B.;Bd. 354, 204. Sitz. S. 6947A;204;1922-04-06;;
Matz;Dr. phil Elsa Matz;Reichshaushalt;Reichshaushaltsplan für 1922. Reichsministerium des Innern: II. B.;Bd. 354, 204. Sitz. S. 6932B;204;1922-04-06;;
Matz;Dr. phil Elsa Matz;Reichshaushalt;Reichsarbeitsministerium: II. B.;Bd. 355, 214. Sitz. S. 7408A;214;1922-05-19;;
Matz;Dr. phil Elsa Matz;Reichshaushalt;Reichshaushaltsplan für 1923. Reichsministerium des Innern: II. B.;Bd. 358, 303. Sitz. S. 9767D;303;1923-02-20;;
Matz;Dr. phil Elsa Matz;Reichsministerium des Innern;Einheitliche Zusammenfassung aller Schul-, Bildungs- und allgemeinen Kulturfragen in der Abteilung III;Bd. 354, 204. Sitz. S. 6947A;204;1922-04-06;;
Matz;Dr. phil Elsa Matz;Schulen;Mädchenschulen, Behandlung auf der Reichsschulkonferenz. (Anfrage);Bd. 345, 30. Sitz. S. 1111B;30;1920-11-19;;
Matz;Dr. phil Elsa Matz;Schulen;Einheitliche Benennung gleicher Schulgattungen und gleicher Lehrkräfte. (Anfrage)/ Höhere Schulen, Anerkennung der Schulzeugnisse aller deutschen Länder. (Anfrage);Bd. 347, 56. Sitz. S. 2088B;56;1921-01-25;;
Matz;Dr. phil Elsa Matz;Schulen;Einführung in den Friedensvertrag von Versailles/ Privatschulen;Bd. 348, 85. Sitz. S. 2998D;85;1921-03-15;;
Matz;Dr. phil Elsa Matz;Schulen;Hauswirtschaftliche und hausmütterliche Ausbildung der Mädchen/ Einführung in den Friedensvertrag von Versailles;Bd. 354, 204. Sitz. S. 6948C;204;1922-04-06;;
Matz;Dr. phil Elsa Matz;Schulen;Vereinheitlichung des Schulwesens/ Aufbauschule, Einführung der deutschen Oberschule und Aufbauschule, Denkschrift über die Maßnahmen/ Berufsberatung, Ausbau/ Hauswirtschaftliche und hausmütterliche Ausbildung der Mädchen/Berücksichtigung des Grenz- und Auslandsdeutschtums im Unterricht;Bd. 358, 303. Sitz. S. 9768C;303;1923-02-20;;
Matz;Dr. phil Elsa Matz;Spielplatzgesetz;Vorlegung;Bd. 354, 204. Sitz. S. 6949D;204;1922-04-06;;
Matz;Dr. phil Elsa Matz;Wohnungswesen;Erhebung einer Abgabe zur Förderung des Wohnungsbaues. Gesetzentwurf: II. B.;Bd. 350, 119. Sitz. S. 4051B;119;1921-06-21;;
Matz;Dr. phil Elsa Matz;Zucker;Behebung der Zuckernot, freie Bewirtschaftung. (Anfrage);Bd. 345, 30. Sitz. S. 1106D;30;1920-11-19;;
Mende;Clara Mende;Beamte;Uneheliche Mutterschaft der weiblichen Beamten;Bd. 354, 204. Sitz. S. 6932C;204;1922-04-06;;
Mende;Clara Mende;Hafer;Versorgung der Pferdehalter der Berliner Gemeinden. (Anfrage);Bd. 345, 27. Sitz. S. 977D;345;1920-11-05;;
Mende;Clara Mende;Liebesgaben;Behandlung ausländischer Liebesgabensendungen durch den Reichskommissar für Aus- und Einfuhrbewilligung. (Anfrage);Bd. 346, 39. Sitz. S. 1359C;346;1920-11-30;;
Mende;Clara Mende;Reichshaushaltsplan für 1922;Reichsministerium des Innern: II. B.;Bd. 354, 204. Sitz. S. 6932B;204;1922-04-06;;
Mueller-Otfried;Paula Mueller-Otfried;Alkoholismus;Vorlegung eines Gesetzes über Alkoholmißbrauch. (Anfrage);Bd. 357, 276. Sitz. S. 9211D;276;1922-10-05;;
Mueller-Otfried;Paula Mueller-Otfried;Beamte, weibliche;Uneheliche Mutterschaft, Disziplinierung;Bd. 354, 204. Sitz. S. 6924D;204;1922-04-06;;
Mueller-Otfried;Paula Mueller-Otfried;Beamte, weibliche;Abfindung beim Ausscheiden aus dem Postdienst wegen Verheiratung;Bd. 354, 211. Sitz. S. 7274D;211;1922-05-16;;
Mueller-Otfried;Paula Mueller-Otfried;Beamte, weibliche;Abfindung beim Ausscheiden aus dem Postdienst wegen Verheiratung;Bd. 360, 355. Sitz. S. 11086A;355;1923-05-15;;
Mueller-Otfried;Paula Mueller-Otfried;Branntweinbrennereien;Aufkauf von Kartoffeln und Getreide. (Anfrage);Bd. 345, 20. Sitz. S. 746C;20;1920-10-19;;
Mueller-Otfried;Paula Mueller-Otfried;Geschlechtskrankheiten;Bekämpfung, Vorlegung eines Gesetzentwurfs. (Anfrage);Bd. 352, 169. Sitz. S. 5830A;169;1922-02-14;;
Mueller-Otfried;Paula Mueller-Otfried;Geschlechtskrankheiten;Bekämpfung der Geschlechtskrankheiten. Gesetzentwurf: II. B./ Prostitution. Strafbarkeit, Bordelle, Sittenkontrolle;Bd. 360, 367. Sitz. S. 11418A;367;1923-06-16;;
Mueller-Otfried;Paula Mueller-Otfried;Jugendwohlfahrt;Interpellation Frau Neuhaus (Westfalen), betr. Reichsjugendwohlfahrtsgesetz;Bd. 347, 58. Sitz. S. 2172D;58;1921-01-27;;
Mueller-Otfried;Paula Mueller-Otfried;Kriegsgefangene;Maßnahmen zur Rückkehr aus Rumänien. (Anfrage);Bd. 347, 66. Sitz. S. 2386A;66;1921-02-04;;
Mueller-Otfried;Paula Mueller-Otfried;Reichshaushalt;Reichshaushaltsplan für 1922. Reichsministerium des Innern: II. B.;Bd. 354, 204. Sitz. S. 6924B;204;1922-04-06;;
Mueller-Otfried;Paula Mueller-Otfried;Reichshaushalt;Reichshaushaltsplan für 1922, Reichspostministerium: II. B.;Bd. 354, 211. Sitz. S. 7274D;211;1922-05-16;;
Mueller-Otfried;Paula Mueller-Otfried;Reichshaushalt;Reichshaushaltsplan für 1923. Reichspostministerium: III. B.;Bd. 360, 355. Sitz. S. 11086A;360;1923-05-15;;
Nemitz;Anna Nemitz;Alkoholismus;Bekämpfung. Schädliche Wirkung der Zollerhöhungen auf Kaffee, Tee, Kakao;Bd. 353, 195. Sitz. S. 6578A;195;1922-03-24;;
Nemitz;Anna Nemitz;Beamte;Disziplinierung wegen unehelicher Vaterschaft (§ 10 des RBG.);Bd. 354, 204. Sitz. S. 6932B;204;1922-04-06;;
Nemitz;Anna Nemitz;Beamtinnen;Uneheliche Mutterschaft;Bd. 354, 204. Sitz. S. 6930C;204;1922-04-06;;
Nemitz;Anna Nemitz;Reichshaushalt;Reichshaushalt für 1922. Reichsministerium des Innern: II. B.;Bd. 354, 204. Sitz. S. 6930C;204;1922-04-06;;
Nemitz;Anna Nemitz;Reichswehr;Beteiligung von Mannschaften und Offizieren des 5. republikanischen Reichswehr-Regiments in Stettin an der Feier des Geburtstags des Kronprinzen. (Anfrage);Bd. 355, 227. Sitz. S. 7828A;227;1922-06-16;;
Nemitz;Anna Nemitz;Wochenfürsorge;Gesetzentwurf: II. B.;Bd. 355, 224. Sitz. S. 7758D;224;1922-05-31;;
Nemitz;Anna Nemitz;Wochenhilfe;Gesetzentwurf: II. B.;Bd. 355, 224. Sitz. S. 7758D;224;1922-05-31;;
Nemitz;Anna Nemitz;Zollwesen;Erhöhung von Zöllen. Gesetzentwurf: II. B./Stellung der Mehrheitssozialdemokratie zu den Zollerhöhungen, insbesondere Kaffee-, Kakao- und Teezoll;Bd. 353, 195. Sitz. S. 6577A;195;1922-03-24;;
Neuhaus;Agnes Neuhaus;Beamtinnen;Uneheliche Mutterschaft;Bd. 354, 204. Sitz. S. 6932D;204;1922-04-06;;
Neuhaus;Agnes Neuhaus;Beamtinnen;Uneheliche Mutterschaft;Bd. 354, 204. Sitz. S. 6935A;204;1922-04-06;;
Neuhaus;Agnes Neuhaus;Geschlechtskrankheiten;Bekämpfung der Geschlechtskrankheiten. Gesetzentwurf: II. B./Bekämpfung, strafgesetzliche Grundlage, Änderung/ Gesundheitsbehörden und Beratungsstellen, hygienische Aufgaben/ Prostitution. Polizeiliche Reglementierung, Bordelle, Sittenkontrolle;Bd. 360, 364. Sitz. S. 11317A;364;1923-06-13;;
Neuhaus;Agnes Neuhaus;Jugendfürsorge;Konfessionelle Erziehung;Bd. 355, 226. Sitz. S. 7820D;226;1922-06-14;;
Neuhaus;Agnes Neuhaus;Jugendgerichtsgesetz;Gesetzentwurf: II. B./ Übertragung der Befugnisse der Jugendämter an Vereinigungen der Jugendfürsorge;Bd. 358, 292. Sitz. S. 9553A;292;1923-01-27;;
Neuhaus;Agnes Neuhaus;Jugendgerichtsgesetz;Gesetzentwurf III. B./ Freiwillige Jugendgerichtshilfe der freien Vereinigungen;Bd. 358, 295. Sitz. S. 9581B;295;1923-02-01;;
Neuhaus;Agnes Neuhaus;Jugendgerichtsgesetz;Gesetzentwurf III. B./ Freiwillige Jugendgerichtshilfe der freien Vereinigungen;Bd. 358, 295. Sitz. S. 9582D;295;1923-02-01;;
Neuhaus;Agnes Neuhaus;Jugendwohlfahrtsgesetz;Reichsjugendwohlfahrtsgesetz. Interpellation Frau Neuhaus (Westfalen)/ Kosten der Ausführung, Gegensätze zwischen den Finanzressorts des Reichs und der Länder/ Zusammenfassung der privaten und öffentlichen Fürsorge/ Freie Liebestätigkeit, private Vereinigungen, Aufrechterhaltung;Bd. 347, 58. Sitz. S. 2184D;58;1921-01-27;;
Neuhaus;Agnes Neuhaus;Jugendwohlfahrtsgesetz;Gesetzentwurf: II. B.;Bd. 355, 225. Sitz. S. 7787A;225;1922-06-13;;
Neuhaus;Agnes Neuhaus;Jugendwohlfahrtsgesetz;Politisierung der Jugendfürsorge;Bd. 355, 225. Sitz. S. 7787C;225;1922-06-13;;
Neuhaus;Agnes Neuhaus;Jugendwohlfahrtsgesetz;Gesetzentwurf: II. B.;Bd. 355, 226. Sitz. S. 7820D;226;1922-06-14;;
Neuhaus;Agnes Neuhaus;Postwesen;Entlassung unehelicher Mütter, Stellung der Berufsvertretungen;Bd. 348, 87. Sitz. S. 3164B;87;1921-03-17;;
Neuhaus;Agnes Neuhaus;Postwesen;Entlassung unehelicher Mütter, Stellung der Berufsvertretungen;Bd. 348, 87. Sitz. S. 3167A;87;1921-03-17;;
Neuhaus;Agnes Neuhaus;Reichshaushalt;Reichshaushaltsplan für 1920. Reichspostministerium: II. B.;Bd. 348, 87. Sitz. S. 3164A;87;1921-03-17;;
Neuhaus;Agnes Neuhaus;Reichshaushalt;Reichshaushaltsplan für 1920. Reichspostministerium: II. B.;Bd. 348, 87. Sitz. S. 3166D;87;1921-03-17;;
Neuhaus;Agnes Neuhaus;Reichshaushalt;Reichshaushaltsplan für 1922. Reichsministerium des Innern: II. B.;Bd. 354, 204. Sitz. S. 6932C;204;1922-04-06;;
Neuhaus;Agnes Neuhaus;Reichshaushalt;Reichshaushaltsplan für 1922. Reichsministerium des Innern: II. B.;Bd. 354, 204. Sitz. S. 6935A;204;1922-04-06;;
Pfülf;Toni Pfülf;Bayern;Zustände in der bayerischen Rheinpfalz infolge der Separatistenbewegung, Anordnungen separatistischer Gewalthaber. Interpellationen Fehrenbach, Hofmann (Ludwigshafen), Dr. Scholz, Hergt u. Gen. und Koch, (Weser), Erkelenz, Dr. Haas (Baden), Korell u. Gen.;Bd. 361, 399. Sitz. S. 12425C;399;1924-02-21;;
Pfülf;Toni Pfülf;Beamte;Beamtenpolitik des Reichsministers Dr. Köster, Forderung des Bekenntnisses zur Verfassung unter Achtung der politischen Meinungsfreiheit, Festhalten an alten bewährten Beamten/ Disziplinierung wegen unehelicher Vaterschaft (§ 10 des RBG.);Bd. 354, 203. Sitz. S. 6877D;203;1922-04-05;;
Pfülf;Toni Pfülf;Beamtinnen;Uneheliche Mutterschaft;Bd. 354, 203. Sitz. S. 6878B;203;1922-04-05;;
Pfülf;Toni Pfülf;Eisenbahnen;Fahrpreisermäßigungen im kulturellen Interesse (Geschäftsordnung);Bd. 352, 159. Sitz. S. 5554C;159;1922-01-25;;
Pfülf;Toni Pfülf;Frauen;Zulassung der Frauen zum Schöffen und Geschworenenamt;Bd. 347, 73. Sitz. S. 2623A;73;1921-03-02;;
Pfülf;Toni Pfülf;Frauen;Zulassung der Frauen zum Schöffen und Geschworenenamt;Bd. 348, 78. Sitz. S. 2733B;78;1921-03-08;;
Pfülf;Toni Pfülf;Frauen;Zulassung der Frauen zum Schöffen und Geschworenenamt;Bd. 348, 78. Sitz. S. 2740A;78;1921-03-08;;
Pfülf;Toni Pfülf;Frauen;Entlassung der weiblichen Hilfskräfte aus dem Büro- und Kassendienste der Reichsministerien. Schreiben des Reichsministeriums des Innern vom 8. Januar 1921;Bd. 348, 84. Sitz. S. 2942B;84;1921-03-14;;
Pfülf;Toni Pfülf;Frauen;Gleichstellung der Frauen in der Justiz. Gesetzentwurf. Antrag Müller (Franken) u. Gen.: I. B;Bd. 350, 125. Sitz. S. 4186C;125;1921-06-27;;
Pfülf;Toni Pfülf;Gerichte;Entlastung der Gerichte. Gesetzentwurf: II. B.;Bd. 347, 73. Sitz. S. 2623A;73;1921-03-02;;
Pfülf;Toni Pfülf;Gerichte;Entlastung der Gerichte. Gesetzentwurf: III. B.;Bd. 348, 78. Sitz. S. 2733B;78;1921-03-08;;
Pfülf;Toni Pfülf;Jugendgerichtsgesetz;Gesetzentwurf: III. B./ Freiwillige Jugendgerichtshilfe der freien Vereinigungen;Bd. 358, 295. Sitz. S. 9581C;295;1923-02-01;;
Pfülf;Toni Pfülf;Jugendgerichtsgesetz;Gesetzentwurf: III. B./ Freiwillige Jugendgerichtshilfe der freien Vereinigungen;Bd. 358, 295. Sitz. S. 9583B;295;1923-02-01;;
Pfülf;Toni Pfülf;Jugendwohlfahrtsgesetz;Vorlegung;Bd. 348, 84. Sitz. S. 2939B;84;1921-03-14;;
Pfülf;Toni Pfülf;Kadettenanstalten;Umbildung zu staatlichen Erziehungsanstalten;Bd. 348, 84. Sitz. S. 2941C;84;1921-03-14;;
Pfülf;Toni Pfülf;Kadettenanstalten;Umbildung zu staatlichen Erziehungsanstalten;Bd. 350, 127. Sitz. S. 4222C;127;1921-06-30;;
Pfülf;Toni Pfülf;Kadettenanstalten;Umbildung zu staatlichen Erziehungsanstalten;Bd. 350, 127. Sitz. S. 4225C;127;1921-06-30;;
Pfülf;Toni Pfülf;Kadettenanstalten;Geist von Lichterfelde, Schutz der Autorität;Bd. 354, 203. Sitz. S. 6879A;203;1922-04-05;;
Pfülf;Toni Pfülf;Kriegergräber;Erhaltung der Kriegergräber aus dem Weltkrieg. Gesetzentwurf: II. B. (Berichterstatter);Bd. 357, 279. Sitz. S. 9253C;279;1922-10-11;;
Pfülf;Toni Pfülf;Lehrer;Versetzung wegen ihrer Weigerung Religionsunterricht zu erteilen/ Einheitliche Lehrerbildung, Anregung eines Gesetzentwurfs;Bd. 348, 84. Sitz. S. 2940A;84;1921-03-14;;
Pfülf;Toni Pfülf;Lichtspielwesen;Gefährdung der auswärtigen Beziehungen durch die Lehrfilme der »Gesellschaft für Kulturforschung« betr. das besetzte Rheinland. (Anfrage);Bd. 350, 128. Sitz. S. 4256A;128;1921-07-01;;
Pfülf;Toni Pfülf;Lichtspielwesen;Gefährdung der auswärtigen Beziehungen durch die Lehrfilme der »Gesellschaft für Kulturforschung« betr. das besetzte Rheinland. (Anfrage);Bd. 350, 128. Sitz. S. 4256B;128;1921-07-01;;
Pfülf;Toni Pfülf;Literatur;Schund- und Schmutzliteratur. Bekämpfung. Interpellation D. Mumm;Bd. 354, 203. Sitz. S. 6876D;203;1922-04-05;;
Pfülf;Toni Pfülf;Literatur;Schund- und Schmutzliteratur. Bekämpfung. Interpellation D. Mumm;Bd. 354, 204. Sitz. S. 6935D;204;1922-04-06;;
Pfülf;Toni Pfülf;Literatur;Schund- und Schmutzliteratur. Bekämpfung. Interpellation D. Mumm;Bd. 354, 204. Sitz. S. 6939D;204;1922-04-06;;
Pfülf;Toni Pfülf;Parteiwesen;Parteigeist in Deutschland, Zurückführung auf die Bismarcksche Politik, Fraktionswesen und Fraktionspolitik, Internationalismus;Bd. 354, 203. Sitz. S. 6879D;203;1922-04-05;;
Pfülf;Toni Pfülf;Postwesen;Richtlinien für Aufnahme von Beamtinnen;Bd. 354, 203. Sitz. S. 6878C;203;1922-04-05;;
Pfülf;Toni Pfülf;Postwesen;Beamtinnen, verheiratete, Ausscheiden, gesetzliche Regelung der Abfindung;Bd. 360, 355. Sitz. S. 11086D;355;1923-05-15;;
Pfülf;Toni Pfülf;Reichshaushalt;Reichshaushaltsplan für 1920. Reichsministerium des Innern nebst Ergänzung: II. B.;Bd. 348, 84. Sitz. S. 2938C;84;1921-03-14;;
Pfülf;Toni Pfülf;Reichshaushalt;Reichshaushaltsplan für 1922. Reichsministerium des Innern. II. B. (Geschäftsordnung);Bd. 354, 203. Sitz. S. 6876A;203;1922-04-05;;
Pfülf;Toni Pfülf;Reichshaushalt;Reichshaushaltsplan für 1922. Reichsministerium des Innern. II. B. (Geschäftsordnung);Bd. 354, 204. Sitz. S. 6935B;204;1922-04-06;;
Pfülf;Toni Pfülf;Reichshaushalt;Reichshaushaltsplan für 1923. Reichspostministerium: III. B.;Bd. 360, 355. Sitz. S. 11086D;355;1923-05-15;;
Pfülf;Toni Pfülf;Republik;Schutz der Republik. Gesetzentwurf: II. B./ Ausschluß von Mitgliedern landesherrlicher Familien von den Stellen des Reichspräsidenten, der Staatspräsidenten und von der Reichswehr/ Ausweisung von Mitgliedern vormals landesherrlicher Familien;Bd. 356, 249. Sitz. S. 8507B;249;1922-07-12;;
Pfülf;Toni Pfülf;Schulen;Staatsbürgerkunde als Lehrfach/ Teilnahme am Religionsunterricht, Anmeldung oder Abmeldung/ Einführung der Abschlußklassen aller Schulen in den Friedensvertrag von Versailles/ Einheitliche Ordnung des Schuljahres/ Arbeitsschulen;Bd. 348, 84. Sitz. S. 2940D;84;1921-03-14;;
Pfülf;Toni Pfülf;Schulen;Grundsätzliche Interkonfessionalität der höheren Schulen, Übertragung auf die aus den Kadettenanstalten hervorgehenden Bildungsanstalten;Bd. 350, 127. Sitz. S. 4222C;127;1921-06-30;;
Pfülf;Toni Pfülf;Schulen;Grundsätzliche Interkonfessionalität der höheren Schulen, Übertragung auf die aus den Kadettenanstalten hervorgehenden Bildungsanstalten;Bd. 350, 127. Sitz. S. 4225C;127;1921-06-30;;
Pfülf;Toni Pfülf;Schulen;Pflicht der Lehrer zur Bejahung der Republik, bayerische Schulbücher;Bd. 354, 203. Sitz. S. 6879B;203;1922-04-05;;
Pfülf;Toni Pfülf;Verfassung;Verteilung amtlicher Ausgaben an abgehende Schüler, Frage der Beigabe einer Vorrede;Bd. 348, 84. Sitz. S. 2942A;84;1921-03-14;;
Reitze;Johanne Reitze;Milch;Preisbemessung durch die Molkereien nach den Butterpreisen, Butterauktionen. (Anfrage);Bd. 351, 148. Sitz. S. 5168C;148;1921-10-13;;
Ryneck;Elfriede Ryneck;Beamte;Besoldung, Wirtschaftsbeihilfe;Bd.353, 174. Sitz. S.5979D;174;1922-02-21;;
Ryneck;Elfriede Ryneck;Getreide;Gestaltung der Getreidewirtschaft, Zwangswirtschaft, freie Wirtschaft, Umlageverfahren/ Umlage Stand der Ablieferung;Bd. 353, 174. Sitz. S.5980B;174;1922-02-21;;
Ryneck;Elfriede Ryneck;Mais;Bezugsscheine, mißbräuliche Verwendung/Verbilligung für Futterzwecke durch Reichszuschüsse;Bd. 353, 174. Sitz. S.5980A;174;1922-02-21;;
Ryneck;Elfriede Ryneck;Milch;Preise, Verbilligungsmaßnahmen;Bd. 359, 331. Sitz. S.10463D;331;1923-04-12;;
Ryneck;Elfriede Ryneck;Reichshaushalt;Reichshaushaltsplan für 1921. Fünfter Nachtrag I.B.;Bd. 353, 174. Sitz. S.5979B;174;1922-02-21;;
Ryneck;Elfriede Ryneck;Reichshaushalt;Reichshaushaltsplan für 1923. Reichsministerium für Ernährung und Landwirtschaft: II.B.;Bd. 359, 331. Sitz. S.10463C;331;1923-04-12;;
Ryneck;Elfriede Ryneck;Zucker;Preisbildung;Bd. 353, 174. Sitz. S. 5981C;174;1922-02-21;;
Ryneck;Elfriede Ryneck;Zucker;Preisbildung;Bd. 359, 331. Sitz. S. 10464A;331;1923-04-12;;
Schilling;Martha Minna Schilling;Löhne;Zurückbleiben hinter der Teuerung, Lohnabbau;Bd. 353, 195. Sitz. S. 6590C, D;195;1922-03-24;;
Schilling;Martha Minna Schilling;Versicherungswesen;Reichsversicherungsordnung, Reformbedürftigkeit;Bd. 353, 195. Sitz. S. 6591A;195;1922-03-24;;
Schilling;Martha Minna Schilling;Zuckersteuer;Abänderung des Zuckersteuergesetzes. Gesetzentwurf: II. B./ Stellung der Mehrheitssozialdemokratie zur Zuckersteuer/ Zuckerwirtschaft, Zuckerpreise;Bd. 353, 195. Sitz. S. 6589C;195;1922-03-24;;
Schott;Maria Anna Schott;Versicherungswesen;Änderung des Versicherungsgesetzes für Angestellte und der Reichsversicherungsordnung (Rückzahlung der Beiträge bei der Verheiratung versicherter Frauen) Gesetzesentwurf: II.B.;Bd. 360, 374. Sitz. S.11599A;374;1923-07-04;;
Schreiber-Krieger;Adele Schreiber Krieger;Eisenbahnen;Überlassung von Schlafwagenläufen an die Mitropa zum Schaden der Reichskasse. (Anfrage);Bd. 349, 108. Sitz. S. 3704C;108;1921-05-31;;
Schreiber-Krieger;Adele Schreiber Krieger;Geschlechtskrankheiten;Bekämpfung. Gesetzentwurf: II. B.;Bd. 360, 367. Sitz. S. 11420A;367;1923-06-16;;
Schreiber-Krieger;Adele Schreiber Krieger;Prostitution;Polizeiliche Reglementierung, Bordelle, Sittenkontrolle/ Frage ihrer Strafbarkeit;Bd. 360, 367. Sitz. S. 11420B;367;1923-06-16;;
Schroeder;Dr. Louise Dorothea Schroeder;Arbeiterschutz;Arbeiterinnenschutz, Ausbau/ Jugendlichenschutz, Ausbau/ Förderung durch die internationale Arbeiterorganisation, Konferenzen in Washington und Genua;Bd. 354, 212. Sitz. S. 7291C;212;1922-05-17;;
Schroeder;Dr. Louise Dorothea Schroeder;Arbeitsrecht;Reform, einheitliche Gestaltung;Bd. 354, 212. Sitz. S. 7289D;212;1922-05-17;;
Schroeder;Dr. Louise Dorothea Schroeder;Arbeitszeit;Achtstundentag;Bd. 354, 212. Sitz. S. 7289B;212;1922-05-17;;
Schroeder;Dr. Louise Dorothea Schroeder;Beamte;Disziplinierung wegen unehelicher Vaterschaft;Bd. 354, 204. Sitz. S. 6927B;204;1922-04-06;;
Schroeder;Dr. Louise Dorothea Schroeder;Beamtinnen;Uneheliche Mutterschaft. (Anfrage);Bd. 345, 30. Sitz. S. 1105C;30;1920-11-19;;
Schroeder;Dr. Louise Dorothea Schroeder;Beamtinnen;Uneheliche Mutterschaft. (Anfrage);Bd. 354, 204. Sitz. S. 6926B;204;1922-04-06;;
Schroeder;Dr. Louise Dorothea Schroeder;Geschlechtskrankheiten;Behandlung, Zulassung von Laien, Naturheilkundigen und Kurierfreiheit überhaupt;Bd. 360, 365. Sitz. S. 11372B;365;1923-06-14;;
Schroeder;Dr. Louise Dorothea Schroeder;Geschlechtskrankheiten;Bekämpfung. Gesetzentwurf: II. B.;Bd. 360, 365. Sitz. S. 11372B;365;1923-06-14;;
Schroeder;Dr. Louise Dorothea Schroeder;Geschlechtskrankheiten;Bekämpfung. Gesetzentwurf: III. B.;Bd. 360, 369. Sitz. S. 11467A;369;1923-06-18;;
Schroeder;Dr. Louise Dorothea Schroeder;Gewerbegerichtsgesetz und Kaufmannsgerichtsgesetz;Abänderung. Gesetzentwurf: I. B;Bd. 351, 148. Sitz. S. 5177A;148;1921-10-13;;
Schroeder;Dr. Louise Dorothea Schroeder;Hausangestellte;13stündige Arbeitszeit;Bd. 354, 212. Sitz. S. 7290C;212;1922-05-17;;
Schroeder;Dr. Louise Dorothea Schroeder;Jugendwohlfahrtsgesetz;Interpellation Frau Neuhaus (Westfalen)/ Kosten der Ausführung, Gegensätze zwischen den Finanzressorts des Reichs und der Länder;Bd. 347. 58. Sitz. S. 2177A;58;1921-01-27;;
Schroeder;Dr. Louise Dorothea Schroeder;Kleinrentnerfürsorge;Höhe des Unterstützungsfonds, Richtlinien des Reichsarbeitsministeriums über die Verwendung;Bd. 355, 214. Sitz. S. 7410B;214;1922-05-19;;
Schroeder;Dr. Louise Dorothea Schroeder;Kleinrentnerfürsorge;Gesetzentwurf: I. B./ Ausbau zu einem Gesetz über allgemeine Volksfürsorge;Bd. 358, 293. Sitz. S. 9554D;293;1923-01-27;;
Schroeder;Dr. Louise Dorothea Schroeder;Kleinrentnerfürsorge;Gesetzentwurf: II. B;Bd. 358, 294. Sitz. S. 9567A;294;1923-01-31;;
Schroeder;Dr. Louise Dorothea Schroeder;Lehrlinge;Lehrstellenvermittlung, Ausbau, Reichszuschüsse;Bd. 354, 212. Sitz. S. 7290B;212;1922-05-17;;
Schroeder;Dr. Louise Dorothea Schroeder;Metallindustrie, süddeutsche;Kampf um die 48stündige Arbeitswoche, Vermittlung des Reichsarbeitsministeriums;Bd. 354, 212. Sitz. S. 7289A;212;1922-05-17;;
Schroeder;Dr. Louise Dorothea Schroeder;Postverwaltung;Entlassung unehelicher Mütter, Stellung der Berufsvertretungen;Bd. 348, 87. Sitz. S. 3164D;87;1921-03-17;;
Schroeder;Dr. Louise Dorothea Schroeder;Postverwaltung;Entlassung unehelicher Mütter, Stellung der Berufsvertretungen;Bd. 348, 87. Sitz. S. 3169C;87;1921-03-17;;
Schroeder;Dr. Louise Dorothea Schroeder;Reichsarbeitsministerium;Umnennung im Reichsarbeits- und Wohlfahrtsministerium;Bd. 354, 212. Sitz. S. 7288C;212;1922-05-17;;
Schroeder;Dr. Louise Dorothea Schroeder;Reichshaushalt;Reichshaushaltsplan für 1920. Reichspostministerium: II. B.;Bd. 348, 87. Sitz. S. 3164D;87;1921-03-17;;
Schroeder;Dr. Louise Dorothea Schroeder;Reichshaushalt;Reichshaushaltsplan für 1920. Reichspostministerium: II. B.;Bd. 348, 87. Sitz. S. 3169C;87;1921-03-17;;
Schroeder;Dr. Louise Dorothea Schroeder;Reichshaushalt;Reichshaushaltsplan für 1922. Reichsministerium des Innern: II. B.;Bd. 354, 204. Sitz. S. 6926A;204;1922-04-06;;
Schroeder;Dr. Louise Dorothea Schroeder;Reichshaushalt;Reichshaushaltsplan für 1922. Reichsarbeitsministerium: II. B.;Bd. 354, 212. Sitz. S. 7288C;212;1922-05-17;;
Schroeder;Dr. Louise Dorothea Schroeder;Reichshaushalt;Reichshaushaltsplan für 1922. Reichsarbeitsministerium: II. B.;Bd. 355, 214. Sitz. S. 7409D;214;1922-05-19;;
Schroeder;Dr. Louise Dorothea Schroeder;Reichshaushalt;Reichshaushaltsplan für 1923. Reichsarbeitsministerium: II. B.;Bd. 359, 348. Sitz. S. 10873B;348;1923-05-07;;
Schroeder;Dr. Louise Dorothea Schroeder;Sylt, Insel;Verbindung mit dem Festlande. (Anfrage);Bd. 352, 169. Sitz. S. 5829D;169;1922-02-14;;
Schroeder;Dr. Louise Dorothea Schroeder;Tabakindustrie;Schutz der »ausgesteuerten« Tabakarbeiter;Bd. 359, 348. Sitz. S. 10873B;348;1923-05-07;;
Schroeder;Dr. Louise Dorothea Schroeder;Uneheliche Kinder;Gleichstellung mit den ehelichen Kindern. (Anfrage);Bd. 350, 128. Sitz. S. 4254D;128;1921-07-01;;
Schroeder;Dr. Louise Dorothea Schroeder;Uneheliche Kinder;Gleichstellung mit den ehelichen Kindern. (Anfrage);Bd. 350, 128. Sitz. S. 4255C;128;1921-07-01;;
Schroeder;Dr. Louise Dorothea Schroeder;Uneheliche Kinder;Rechtsverpflichtung des unehelichen Vaters zur Zahlung einer Zusatzrente zur einmaligen Abfindung nach § 1714 des B. G. B. (Anfrage);Bd. 352, 155. Sitz. S. 5412A;155;1922-01-20;;
Schroeder;Dr. Louise Dorothea Schroeder;Versicherungswesen;Angestelltenversicherung. Änderung des Versicherungsgesetzes für Angestellte und der Reichsversicherungsordnung. Gesetzentwurf: II. B.;Bd. 360, 374. Sitz. S. 11601A;374;1923-07-04;;
Schroeder;Dr. Louise Dorothea Schroeder;Versicherungswesen;Angestelltenversicherung. Änderung des Versicherungsgesetzes für Angestellte und der Reichsversicherungsordnung. Gesetzentwurf: II. B./ Rückzahlung der Beiträge an Frauen bei ihrer Verheiratung;Bd. 360, 374. Sitz. S. 11599C;374;1923-07-04;;
Schroeder;Dr. Louise Dorothea Schroeder;Versicherungswesen;Invalidenversicherung (Waisenrente und Kinderzuschuß, Ausdehnung bis zum 18. Lebensjahre/ Rentengewährung für uneheliche Kinder);Bd. 360, 374. Sitz. S. 11601A;374;1923-07-04;;
Schroeder;Dr. Louise Dorothea Schroeder;Wochenhilfe;Wochenhilfe und Wochenfürsorge. Gesetzentwurf: II. B.(Berichterstatterin)/ Stillgeld, Begrenzung oder gleitender Leistungsbeitrag, Milchverbilligung/ Verfahren der Unabhängigen Sozialdemokratischen Partei bei der Behandlung des Gesetzentwurfs über die Wochenhilfe;Bd. 350, 132. Sitz. S. 4463D;132;1921-07-06;;
Schroeder;Dr. Louise Dorothea Schroeder;Wochenhilfe;Wochenhilfe und Wochenfürsorge. Gesetzentwurf: II. B./ Leistungen, Unterstützungssätze, Höhe/ Einkommensgrenze für Minderbemittelte/ Schwangerschaftsbeschwerden, unentgeltliche ärztliche Hilfe/ Stillgeld, Begrenzung oder gleitender Leistungsbeitrag, Milchverbilligung/ Ausdehnung auf Beamtenfrauen;Bd. 350, 132. Sitz. S. 4458D;132;1921-07-06;;
Schroeder;Dr. Louise Dorothea Schroeder;Wochenhilfe;Wochenhilfe und Wochenfürsorge. Gesetzentwurf: III. B./ Stillgeld, Begrenzung oder gleitender Leistungsbeitrag, Milchverbilligung/ Verfahren der Unabhängigen Sozialdemokratischen Partei bei der Behandlung des Gesetzentwurfs über die Wochenhilfe;Bd. 350, 133. Sitz. S. 4528A;133;1921-07-07;;
Schroeder;Dr. Louise Dorothea Schroeder;Wochenhilfe;Desgleichen. Gesetzentwurf: II. B. (Berichterstatterin)/ Einkommensgrenze für Minderbemittelte/ Schwangerschaftsunterstützung/ Stillgeld, Begrenzung oder gleitender Leistungsbeitrag, Milchverbilligung;Bd. 351, 150. Sitz. S. 5243B;150;1921-10-15;;
Schroeder;Dr. Louise Dorothea Schroeder;Wochenhilfe;Desgleichen. Gesetzentwurf: II. B. (Geschäftsordnung);Bd. 351, 150. Sitz. S. 5246D;150;1921-10-15;;
Schroeder;Dr. Louise Dorothea Schroeder;Wochenhilfe;Desgleichen. Gesetzentwurf: II. B./ Stillgeld, Begrenzung oder gleitender Leistungsbeitrag, Milchverbilligung;Bd. 351, 150. Sitz. S. 5232B;150;1921-10-15;;
Schroeder;Dr. Louise Dorothea Schroeder;Wochenhilfe;Ausbau, Vereinheitlichung, Erhöhung der Reichsmittel;Bd. 354, 212. Sitz. S. 7291A;212;1922-05-17;;
Schroeder;Dr. Louise Dorothea Schroeder;Wochenhilfe;Desgleichen. Gesetzentwürfe: II. B.;Bd. 355, 224. Sitz. S. 7758A;224;1922-05-31;;
Schuch;Clara Schuch;Altenteilsverträge;Anderweitige Festsetzung von Geldbezügen aus Altenteilsverträgen. Gesetzentwurf: II. B.;Bd. 361, 381. Sitz. S. 11865C;381;1923-08-14;;
Schuch;Clara Schuch;Außenhandelsstellen;Erhöhung von Warenpreisen;Bd. 351, 145. Sitz. S. 5047D;145;1921-11-17;;
Schuch;Clara Schuch;Gewerbe- und Kaufmannsgerichte;Passives Wahlrecht der Frauen;Bd. 348, 74. Sitz. S. 2638C;74;1921-03-03;;
Schuch;Clara Schuch;Hochschulen;Beihilfen für unbemittelte Studierende. (Anfragen);Bd. 344, 14. Sitz. S. 409A;14;1920-07-30;;
Schuch;Clara Schuch;Hochschulen;Beihilfen für unbemittelte Studierende. (Anfragen);Bd. 344, 14. Sitz. S. 409B;14;1920-07-30;;
Schuch;Clara Schuch;Hochschulen;Beihilfen für unbemittelte Studierende. (Anfragen);Bd. 344, 14. Sitz. S. 409C;14;1920-07-30;;
Schuch;Clara Schuch;Jugendliche;Arbeitszeit/ Bezahlung der Fortbildungsschulzeit durch den Arbeitgeber/ Berufliche Ausbildung der Mädchen/Berufliche Ausbildung der Mädchen;Bd. 359, 347. Sitz. S. 10835C;347;1923-05-05;;
Schuch;Clara Schuch;Kartoffeln;Nichterfüllung von Lieferungsverträgen;Bd. 351, 145. Sitz. S. 5048B;145;1921-11-17;;
Schuch;Clara Schuch;Kartoffeln;Nichterfüllung von Lieferungsverträgen/ Konzessionierung des Handels. Antrag Emminger u. Gen.;Bd. 351, 145. Sitz. S. 5048B;145;1921-11-17;;
Schuch;Clara Schuch;Kartoffeln;Nichterfüllung von Lieferungsverträgen;Bd. 351, 150. Sitz. S. 5236D;150;1921-12-15;;
Schuch;Clara Schuch;Kartoffeln;Feststellung der erfüllten Lieferungsverträge und des Bedarfs. (Anfrage);Bd. 352, 169. Sitz. S. 5831A;169;1922-02-14;;
Schuch;Clara Schuch;Kartoffeln;Feststellung der erfüllten Lieferungsverträge und des Bedarfs. (Anfrage);Bd. 352, 169. Sitz. S. 5832C;169;1922-02-14;;
Schuch;Clara Schuch;Kriegsschuld;Einsetzung eines Untersuchungsausschusses, Zusammensetzung/ Unmöglichkeit eines abschließenden Urteils ohne Öffnung der feindlichen Archive;Bd. 344, 7. Sitz. S. 194D;7;1921-07-03;;
Schuch;Clara Schuch;Landwirtschaft;Lage;Bd. 351, 145. Sitz. S. 5045D;145;1921-11-17;;
Schuch;Clara Schuch;Lehrlinge;Lehrlingszüchterei, Lehrlingsausbeutung/ Ferien/ Einbeziehung in die Tarifverträge;Bd. 359, 347. Sitz. S. 10836B;347;1923-05-05;;
Schuch;Clara Schuch;Preise;Preissteigerung, deutscher Waren und Wucher. Interpellation Müller (Franken) u. Gen./ Preise für Lebensmittel und Bedarfsartikel, Ursachen der Erhöhung;Bd. 351, 145. Sitz. S. 5045C;145;1921-11-17;;
Schuch;Clara Schuch;Reichshaushalt;Reichshaushaltsplan für 1922. Reichsministerium des Innern: II. B.;Bd. 354, 204. Sitz. S. 6933D;204;1922-04-06;;
Schuch;Clara Schuch;Reichshaushalt;Reichshaushaltsplan für 1923. Reichsarbeitsministerium: II. B.;Bd. 359, 347. Sitz. S. 10835C;347;1923-05-05;;
Schuch;Clara Schuch;Sozialpolitik;Fortführung, Widerstände;Bd. 359, 347. Sitz. S. 10838B;247;1923-05-05;;
Schuch;Clara Schuch;Uneheliche Mutterschaft der Beamtinnen;der Beamtinnen;Bd. 354, 204. Sitz. S. 6933D;204;1922-04-06;;
Schuch;Clara Schuch;Uneheliche Mutterschaft der Beamtinnen;Unterhalt, Aufwertung der Abfindungsverträge, Rechtsstellung;Bd. 361, 381. Sitz. S. 11865C;381;1923-08-14;;
Schulz;Berta Schulz;Reichshaushaltsplan;Weitere vorläufige Regelung für 1920: III. B.;Bd. 344, 17. Sitz. S. 642C;17;1920-08-03;;
Schulz;Berta Schulz;Reichshaushaltsplan;Weitere vorläufige Regelung für 1920: III. B. (persönlich);Bd. 344, 17. Sitz. S. 647C;17;1920-08-03;;
Schulz;Berta Schulz;Schulen;Schulstreiks aus konfessionellen Gründen;Bd. 344, 17. Sitz. S. 642C;17;1920-08-03;;
Schulz;Berta Schulz;Schulen;Zurücksetzung sozialdemokratischer Kinder in der konfessionellen Schule;Bd. 344, 17. Sitz. S. 647D;17;1920-08-03;;
Sender;Tony Sender;Arbeitslosenfürsorge;Ausbau/ Erhöhung der Unterstützungssätze, Anpassung an die Teuerung/Einführung des automatischen Schlüsselverfahrens;Bd. 359, 348. Sitz. S. 10867B;348;1923-05-07;;
Sender;Tony Sender;Arbeitslosenfürsorge;Änderungen der Verordnung über Erwerbslosenfürsorge vom 1. November 1921 (Abkürzung der Wartezeit) Antrag Frau Sender u. Gen.: I.B. (Antragstellerin);Bd. 360, 377. Sitz. S. 11718C;377;1923-07-07;;
Sender;Tony Sender;Arbeitsnachweise;Benutzungszwang der öffentlichen Arbeitsnachweise;Bd. 359, 348. Sitz. S. 10868C;359;1923-05-07;;
Sender;Tony Sender;Ausländer;Verständigung deutscher und ausländischer Kapitalisten zu gemeinsamen Industrieunternehmungen, Versklavung Deutschlands;Bd. 344, 12. Sitz. S. 339C;12;1920-07-28;;
Sender;Tony Sender;Besetze Gebiete;Wiedereinstellung und Kündigung im besetzten Gebiet. Gesetzesentwurf: II.B.;Bd. 360, 377. Sitz. S. 11711D;377;1923-07-07;;
Sender;Tony Sender;Betriebsräte;Arbeitergeberverbände, Stellung zum Betriebsrätegesetz/ Ausbildung, Schulung/ Betriebsratsmitglieder, Entsendung in den Aufsichtsrat;Bd. 355, 214. Sitz. 7447C;214;1922-05-19;;
Sender;Tony Sender;Betriebsräte;Ausbildung, Schulung/ Betriebsobmann, Fehlen der Mitbestimmungsrecht bei Einstellungen und Entlassungen/Vorlegung eines Ergänzungsentwurfs, betr. die Entsendung von Betriebsratsmitgliedern in den Aufsichtsrat, betr. Entrechtung und Mitbestimmungsrecht der Betriebsmitglieder/Fehlen einer Vertretung der Betriebsräte in den Kartellen usw.;Bd. 359, 348. Sitz. S. 10883B;348;1923-05-07;;
Sender;Tony Sender;Entwaffnung der Bevölkerung;Entwaffnung der Bevölkerung;Bd. 344, 12. Sitz. S. 337D;12;1920-07-28;;
Sender;Tony Sender;Friedensvertrag von Versailles;Konferenz von Spa;Bd. 344, 12. Sitz. S.335D.;12;1920-07-28;;
Sender;Tony Sender;Löhne;Sinken des Lohnanteils bei den Produktionskosten;Bd. 359, 348. Sitz. S. 10866;348;1923-05-07;;
Sender;Tony Sender;Oberschlesien;Preußische Polenpolitik/ Teilung, Rechtsverwahrung gegen die Entscheidung der Botschafterkonferenz;Bd. 355, 222. Sitz. S. 7695C;222;1922-05-30;;
Sender;Tony Sender;Polen;Deutsch-polnisches Abkommen in Genf über Oberschlesien II.B.;Bd. 355, 222. Sitz. S. 7695B;222;1922-05-30;;
Sender;Tony Sender;Reichshaushalt;Reichshaushaltsplan für 1922, Reichsarbeitsministerium II.B.;Bd. 355, 214. Sitz. S. 7447C;214;1922-05-19;;
Sender;Tony Sender;Reichshaushalt;Reichshaushaltsplan für 1923, Reichsarbeitsministerium: II.B. ;Bd. 359, 348. Sitz. S. 10866A;348;1923-05-07;;
Sender;Tony Sender;Reichshaushalt;Reichshaushaltsplan für 1923, Reichsarbeitsministerium: II.B. ;Bd. 359, 348. Sitz. S. 10881A;348;1923-05-07;;
Sender;Tony Sender;Reichshaushalt;Reichshaushaltsplan für 1923, Reichsarbeitsministerium: II.B. (Geschäftsordnung);Bd. 359, 348. Sitz. S.10878C;348;1923-05-07;;
Sender;Tony Sender;Ruhrgebiet;Vorzugsrechte für die infolge des Ruhreinbruchs entlassenen Arbeiter und Angestellten bei Neueinstellungen;Bd. 359, 348. Sitz. S. 10868A;348;1923-05-07;;
Sender;Tony Sender;Ruhrgebiet;Vorzugsrechte für die infolge des Ruhreinbruchs entlassenen Arbeiter und Angestellten bei Neueinstellungen;Bd. 359, 348. Sitz. S. 10878C;348;1923-05-07;;
Sender;Tony Sender;Russland;Wirtschaftsarbeit der Sowjetrepublik, Anerkennung durch den Reichsminister Dr. Simonis;Bd. 344, 12. Sitz. S.341;12;1920-07-28;;
Sender;Tony Sender;Schlichtungsausschüsse;Aufhebung einer Spruches, betr. Unzulässigkeit einer Entlassung durch die Ententekommission durch das Auswärtige Amt;Bd. 345, 24. Sitz. S. 853C;24;1920-10-29;;
Sender;Tony Sender;Sozialisierung;Grundsätze der Unabhängigen Sozialdemokratie;Bd. 344, 12. Sitz. S. 340B;12;1920-07-28;;
Sender;Tony Sender;Stinnes;Politik der Arbeitsgemeinschaft;Bd. 344, 12. Sitz. S. 339B;12;1920-07-28;;
Sender;Tony Sender;Völkerbund;Ablehnung des Beitritts Deutschlands durch die Unabhängige Sozialdemokratie;Bd. 344, 12. Sitz. S.339B;12;1920-07-28;;
Sender;Tony Sender;Wirtschaftslage;Verminderung der Konkurrenzfähigkeit der deutschen Industrie, Ursachen;Bd. 359, 348. Sitz S. 1086dB;348;1923-05-07;;
Sender;Tony Sender;Wohnungswesen;Baustoffindustrie, Versagen der freien Wirtschaft in der Baustoffindustrie;Bd. 359, 348. Sitz. S. 10868D;348;1923-05-07;;
Tesch;Johanna Tesch;Hausgehilfen;Abwanderung in die industriellen Berufe, Ursachen;Bd. 359, 347. Sitz. S. 10842C;347;1923-05-05;;
Tesch;Johanna Tesch;Hausgehilfen;Hausgehilfengesetz, Beratung im vorläufigen Reichswirtschaftsrat (Arbeitszeit, Arbeitsbereitschaft, Lichtbildausweis, Fachschulen);Bd. 359, 347. Sitz. S. 10841C;347;1923-05-05;;
Tesch;Johanna Tesch;Reichshaushaltsplan für 1923;Reichsarbeitsministerium: II. B.;Bd. 359, 347. Sitz. S. 10841C;347;1923-05-05;;
Teusch;Dr. Christine Teusch;Ausschüsse;Erweiterung der Zuständigkeit des 23. Ausschusses;Bd. 348, 74. Sitz. S. 2643A;348;1921-03-03;;
Teusch;Dr. Christine Teusch;Ausschüsse;Erweiterung der Zuständigkeit des 23. Ausschusses;Bd. 348, 74. Sitz. S. 2644B;348;1921-03-03;;
Teusch;Dr. Christine Teusch;Ausschüsse;Erweiterung der Zuständigkeit des 23. Ausschusses (Berichterstatterin);Bd. 348, 74. Sitz. S. 2645B;348;1921-03-03;;
Teusch;Dr. Christine Teusch;Beamte;Änderungen des Besoldungsgesetzes vom 20. April 1920. Gesetzentwurf: II. B. (persönlich);Bd. 346, 48. Sitz. S. 1744C;48;1920-10-16;;
Teusch;Dr. Christine Teusch;Gewerbe- und Kaufmannsgerichte;Gewährung des aktiven und passiven Wahlrechts für Frauen. (Anfrage);Bd. 344, 14. Sitz. S. 420B;14;1920-07-30;;
Teusch;Dr. Christine Teusch;Gewerbe- und Kaufmannsgerichte;Gewährung des aktiven und passiven Wahlrechts für Frauen;Bd. 348, 74. Sitz. S. 2640B;74;1921-03-03;;
Teusch;Dr. Christine Teusch;Gewerbe- und Kaufmannsgerichte;Gewährung des aktiven und passiven Wahlrechts für Frauen. (Berichterstatterin);Bd. 348, 74. Sitz. S. 2638A;74;1921-03-03;;
Teusch;Dr. Christine Teusch;Gewerbe- und Kaufmannsgerichte;Abänderung des Gewerbe- und Kaufmannsgerichtsgesetzes. Gesetzentwurf: II. B. (Abstimmung);Bd. 352, 152. Sitz. S. 5359A;152;1921-10-17;;
Teusch;Dr. Christine Teusch;Gewerbe- und Kaufmannsgerichte;Abänderung des Gewerbe- und Kaufmannsgerichtsgesetzes. Gesetzentwurf: II. B. (Berichterstatterin);Bd. 352, 152. Sitz. S. 5355D;152;1921-10-17;;
Teusch;Dr. Christine Teusch;Kleinrentnerfürsorge;Gesetzentwurf: I. B/ Abtrennung der Armenfürsorge/ Kreis der Fürsorgeberechtigten;Bd. 358, 293. Sitz. S. 9554A;293;1923-01-27;;
Teusch;Dr. Christine Teusch;Militärversorgung;Wehrmachtversorgungs-Gesetzentwurf: II. B.;Bd. 350, 130. Sitz. S. 4388D;130;1921-07-04;;
Teusch;Dr. Christine Teusch;Reichshaushaltsplan für 1922;Reichsarbeitsministerium: II. B.;Bd. 355, 214. Sitz. S. 7416D;214;1922-05-19;;
Teusch;Dr. Christine Teusch;Reichstag;Wahl eines Schriftführers;Bd. 352, 157. Sitz. S. 5475D;157;1922-01-23;;
Teusch;Dr. Christine Teusch;Reichsversicherungsanstalt;Dienstordnung;Bd. 357, 262. Sitz. S. 8865A;262;1922-10-21;;
Teusch;Dr. Christine Teusch;Reichsversicherungsanstalt;Verwaltung, Präsident und Mitglieder des Direktoriums, Ernennung;Bd. 357, 262. Sitz. S. 8864C;262;1922-10-21;;
Teusch;Dr. Christine Teusch;Reichsversicherungsanstalt;Verwaltung, Präsident und Mitglieder des Direktoriums, Ernennung;Bd. 357, 263. Sitz. S. 8895A;263;1922-10-23;;
Teusch;Dr. Christine Teusch;Unterstützungen;Erhöhung für Familien Kriegsgefangener und Vermißter. (Anfrage);Bd. 344, 14. Sitz. S. 418C;14;1920-07-30;;
Teusch;Dr. Christine Teusch;Versicherungswesen;Angestelltenversicherung. Verschmelzung mit der Invalidenversicherung/ Einheitliche Rechtsprechung durch gemeinsame Spruchbehörden, Weg zur Verschmelzung/ Änderung des Versicherungsgesetzes für Angestellte. Gesetzentwurf: II. B./ Einbeziehung des Personals der Wohlfahrts- und Krankenpflege/ Leistungs- und Beitragstarif, Steigerungsbetrag/ Rentenverfahren, Umlage oder Anwartschaftsdeckungsverfahren;Bd. 357, 262. Sitz. S. 8862D;262;1922-10-21;;
Teusch;Dr. Christine Teusch;Versicherungswesen;Änderung des Versicherungsgesetzes für Angestellte. Gesetzentwurf: II. B.;Bd. 357, 263. Sitz. S. 8894D;263;1922-10-23;;
Teusch;Dr. Christine Teusch;Wochenhilfe;Wochenhilfe und Wochenfürsorge. Gesetzentwurf: III. B./ Übertragung auf Mittelstandsfrauen;Bd. 350, 133. Sitz. S. 4530C;133;1921-07-07;;
Teusch;Dr. Christine Teusch;Wochenhilfe;Wochenhilfe. Gesetzentwurf: II. B. (Geschäftsordnung);Bd. 351, 150. Sitz. S. 5247D;150;1921-10-15;;
Teusch;Dr. Christine Teusch;Wochenhilfe;Wochenhilfe. Gesetzentwurf: II. B./ Stillgeld, Begrenzung oder gleitender Leistungsbeitrag Milchverbilligung;Bd. 351, 150. Sitz. S. 5238B;150;1921-10-15;;
Teusch;Dr. Christine Teusch;Wohlfahrtspflege;Beihilfen an soziale und karitative Reichsorganisationen für Unkosten im Verkehr mit den behördlichen Stellen;Bd. 355, 214. Sitz. S. 7416D;214;1922-05-19;;
Teusch;Dr. Christine Teusch;Wohlfahrtspflege;Anträge Dr. Stresemann, betr. Beihilfe für Einrichtungen der Wohlfahrtspflege, sowie Müller (Franken), betr. Unterstützung gemeinnütziger Anstalten;Bd. 357, 261. Sitz. S. 8849C;261;1922-10-21;;
von Kardorff-Oheimb;Katharina von Kardorff-Oheimb;Gerichte;Entlastung der Gerichte, Gesetzentwurf: III. B.;Bd. 348, 78. Sitz. S.273B;78;1921-03-08;;
von Kardorff-Oheimb;Katharina von Kardorff-Oheimb;Gerichtsverfassung;Zulassung der Frauen zum Schöffen- und Geschworenenamt;Bd. 348, 78. Sitz. S. 2734B;78;1921-03-08;;
Wackwitz;Marie Wackwitz;Banken;Provisionsberechnung der Großbanken bei Dollarschatzanweisungen. (Anfrage);Bd. 360, 374. Sitz. S. 11582B;374;1923-07-04;;
Wackwitz;Marie Wackwitz;Beamte;Besoldung, Gesetzentwurf, betr. Änderungen des Besoldungsgesetzes vom 20. April 1920. II. B.;Bd. 346, 48. Sitz. S. 1744D;48;1920-10-16;;
Wackwitz;Marie Wackwitz;Branntweinmonopol;Gesetzentwurf: II. B.;Bd. 353, 182. Sitz. S. 6210C;182;1922-03-10;;
Wackwitz;Marie Wackwitz;Gerichtsverfassung;Gesetzentwurf zur Entlastung der Gerichte: II. B./ Zulassung der Frauen zum Schöffen- und Geschworenenamt;Bd. 347, 73. Sitz. S. 2623D;73;1921-03-02;;
Wackwitz;Marie Wackwitz;Gerichtsverfassung;Gesetzentwurf: II. B.;Bd. 354, 204. Sitz. S. 6917C;204;1922-04-06;;
Wackwitz;Marie Wackwitz;Geschlechtskrankheiten;Entwurf eines Gesetzes zur Bekämpfung der Geschlechtskrankheiten: II. B.;Bd. 360, 365. Sitz. S. 11371B;365;1923-06-14;;
Wackwitz;Marie Wackwitz;Hebammenwesen;Verstaatlichung;Bd. 350, 132. Sitz. S. 4463A;132;1921-07-06;;
Wackwitz;Marie Wackwitz;Invalidenversicherung;Entwurf eines Gesetzes über Notstandsmaßnahmen für Invalidenrentner: II. B.;Bd. 351, 146. Sitz. S. 5092D;146;1921-11-18;;
Wackwitz;Marie Wackwitz;Ortsklassenverzeichnis;Mündlicher Bericht des 23. Ausschusses über die Vorlegung eines vorläufigen Gesetzentwurfs;Bd. 348, 88. Sitz. S. 3230B;88;1921-03-18;;
Wackwitz;Marie Wackwitz;Ortsklassenverzeichnis;Gesetzentwurf, betr. die vorläufige Neuaufstellung des Ortsklassenverzeichnisses: III. B.;Bd. 349, 101. Sitz. S. 3567D;101;1921-05-04;;
Wackwitz;Marie Wackwitz;Trunksucht;Schäden und Bekämpfung des sozialen Alkoholismus;Bd. 353, 182. Sitz. S. 6210D;182;1922-03-10;;
Wackwitz;Marie Wackwitz;Umsatzsteuer;Gesetzentwurf zur Abänderung des Umsatzsteuergesetzes: II. B.;Bd. 353, 193. Sitz. S. 6476A;193;1922-03-22;;
Wackwitz;Marie Wackwitz;Wochenhilfe;Gesetzentwurf, betr. Wochenhilfe und Wochenfürsorge: II. B.;Bd. 350, 132. Sitz. S. 4462B;132;1921-07-06;;
Wackwitz;Marie Wackwitz;Wochenhilfe;Desgleichen, Bericht des Ausschusses für soziale Angelegenheiten: II. B.;Bd. 351, 150. Sitz. S. 5245C;150;1921-10-15;;
Wurm;Mathilde Wurm;Amerika;Geschenk von 2500 Milchkühen für deutsche Kinder;Bd. 346, 46. Sitz. S. 1635A;46;1920-10-14;;
Wurm;Mathilde Wurm;Arbeiterschutz;Weibliche Jugend, Verbot der Arbeit in gewerblichen Großbetrieben vor dem 17. Lebensjahre;Bd. 355, 213. Sitz. S. 7338D;213;1922-05-18;;
Wurm;Mathilde Wurm;Dienstjahr, wirtschaftliches;Einführung für die männliche und weibliche Jugend;Bd. 344, 14. Sitz. S. 440C;14;1920-07-30;;
Wurm;Mathilde Wurm;Fleisch;Angebot von Gratisvieh aus Argentinien/ Preisgestaltung/ Gefrierfleisch, Einfuhr, Änderung des Fleischbeschaugesetzes, Stellung des Reichsministeriums des Innern;Bd. 359, 331. Sitz. S. 10453D;331;1923-04-12;;
Wurm;Mathilde Wurm;Fleisch;Gefrierfleisch, Einfuhr, Änderung des Fleischbeschaugesetzes, Stellung des Reichsministeriums des Innern;Bd. 359, 331. Sitz. S. 10460A;331;1923-04-12;;
Wurm;Mathilde Wurm;Fleisch;Verbilligung durch Aufhebung des Einfuhrzolls;Bd. 359, 351. Sitz. S. 10960D;351;1923-05-11;;
Wurm;Mathilde Wurm;Friedensvertrag;Ablieferung von Milchkühen;Bd. 346, 46. Sitz. S. 1634C;46;1920-10-14;;
Wurm;Mathilde Wurm;Gerichte;Entlastung der Gerichte. Gesetzentwurf: II. B.;Bd. 347, 73. Sitz. S. 2624A;73;1921-03-02;;
Wurm;Mathilde Wurm;Gerichtsverfassung;Zulassung der Frauen zum Schöffen- und Geschworenenamt;Bd. 347, 73. Sitz. S. 2624B;73;1921-03-02;;
Wurm;Mathilde Wurm;Gerichtsverfassung;Anfrage;Bd. 349, 100. Sitz. S. 3541A;100;1921-05-03;;
Wurm;Mathilde Wurm;Gerichtsverfassung;Gleichstellung der Frauen in der Justiz. Antrag Müller (Franken): II. B. (Berichterstatterin);Bd. 350, 133. Sitz. S. 4562D;133;1921-07-07;;
Wurm;Mathilde Wurm;Getreide;Umlageverfahren des Erntejahres 1921, Zweckmäßigkeit, Ablieferung;Bd. 351, 144. Sitz. S. 4989D;144;1921-11-11;;
Wurm;Mathilde Wurm;Getreide;Umlageverfahren des Erntejahres 1921, Zweckmäßigkeit, Ablieferung;Bd. 351, 150. Sitz. S. 5234C;150;1921-12-15;;
Wurm;Mathilde Wurm;Gewerkschaften;Warenversorgungsstelle, Kündigung des Regierungskredits;Bd. 351, 144. Sitz. S. 4995B;144;1921-11-11;;
Wurm;Mathilde Wurm;Hausangestellte;Lehrtöchter im Hausdienst, Lehrdienstjahr;Bd. 355, 213. Sitz. S. 7339A;213;1922-05-18;;
Wurm;Mathilde Wurm;Jugendfürsorge;Entwurf eines Reichsjugendwohlfahrtsgesetzes: II. B. (Altersgrenze für die Fürsorgeerziehung/ Ärztliche Untersuchung der Kinder vor ihrer Aufnahme/ Aufenthaltsort der Kinder, Mitteilung an die Erziehungsberechtigten)/ Jugendämter, Besetzung mit sozialgeschulten Kräften/ Mitwirkung der freiwilligen Wohlfahrtsverbände/ Kosten der Ausführung des Gesetzes/ Polizeiliche Jugendaufsicht, Übertragung auf das Jugendamt/ Private Kinderpflegeanstalten, Berücksichtigung durch die Jugendämter;Bd. 355, 226. Sitz. S. 7816A;226;1922-06-14;;
Wurm;Mathilde Wurm;Jugendliche Personen;Arbeitszeit. Sechsstündige Arbeitszeit mit Einschluß der Pflichtschulzeit usw. bis zum 16. Lebensjahre/ Berufsausbildung, Berufsschulen und Lehrwerkstätten/ Berufsberatung, Ausbau/ Vereins- und Versammlungsrecht, Anschluß an Gewerkschaften und Jugendverbände;Bd. 355, 213. Sitz. S. 7338C;213;1922-05-18;;
Wurm;Mathilde Wurm;Jugendliche Personen;Arbeitszeit. Sechsstündige Arbeitszeit mit Einschluß der Pflichtschulzeit usw. bis zum 16. Lebensjahre;Bd. 355, 226. Sitz. S. 7817C;226;1922-06-14;;
Wurm;Mathilde Wurm;Kadettenanstalten;Kadettenanstalt Lichterfelde. Überlassung je eines Gebäudes für die Schutzpolizei und das Provinzialschulkollegium. (Anfrage);Bd. 349, 113. Sitz. S. 3846C;113;1921-06-14;;
Wurm;Mathilde Wurm;Kadettenanstalten;Verwendung der ehemaligen militärischen Bildungsanstalten;Bd. 350, 127. Sitz. S. 4224D;127;1921-06-30;;
Wurm;Mathilde Wurm;Kartoffeln;Regelung des Verkehrs durch ein Umlageverfahren. Antrag Frau Agnes u. Gen.;Bd. 351, 150. Sitz. S. 5234B;150;1921-10-15;;
Wurm;Mathilde Wurm;Kartoffeln;Regelung des Verkehrs durch ein Umlageverfahren. Antrag Frau Agnes u. Gen. (Berichterstatterin);Bd. 351, 150. Sitz. S. 5233D;150;1921-10-15;;
Wurm;Mathilde Wurm;Kartoffeln;Regelung des Verkehrs durch ein Umlageverfahren. Antrag Frau Agnes u. Gen./ Verschiebung ins Ausland;Bd. 351, 144. Sitz. S. 4991D;144;1921-11-11;;
Wurm;Mathilde Wurm;Kinderschutz;Verbot gewerblicher oder erwerbsmäßiger Kinderarbeit vor dem 14. Lebensjahre;Bd. 355, 213. Sitz. S. 7340C;213;1922-05-18;;
Wurm;Mathilde Wurm;Landwirtschaft;Sozialisierung;Bd. 346, 46. Sitz. S. 1637A;46;1920-12-14;;
Wurm;Mathilde Wurm;Lehrlingswesen;Lehrlingszüchterei, Ausbeutungsverhältnis/ Lohn- und Arbeitsverhältnisse, Regelung durch Tarifvertrag;Bd. 355, 213. Sitz. S. 7339C;213;1922-05-18;;
Wurm;Mathilde Wurm;Lehrlingswesen;Regelung des Lehrlingswesens im Handwerk. Interpellation Hergt, Dr. Becker (Hessen), Dr. Petersen, Leicht, Alpers u. Gen./ Auswahl der Lehrlinge, psychotechnische Prüfung der Anwärter bei Großbetrieben/ Körperliche Züchtigung/ Lohn- und Arbeitsverhältnisse, Regelung durch Tarifvertrag;Bd. 355, 217. Sitz. S. 7605A;217;1922-05-23;;
Wurm;Mathilde Wurm;Mehl;Erhöhung der Ration, Antrag Frau Agnes u. Gen. (Berichterstatterin);Bd. 351, 150. Sitz. S. 5234A;150;1921-10-15;;
Wurm;Mathilde Wurm;Mehl;Erhöhung der Ration, Antrag Frau Agnes u. Gen.;Bd. 351, 144. Sitz. S. 4990B;144;1921-11-11;;
Wurm;Mathilde Wurm;Milchversorgung;Freigabe, Einfuhr;Bd. 346, 46. Sitz. S. 1633C;46;1920-12-14;;
Wurm;Mathilde Wurm;Preise;Bekämpfung des Preiswuchers;Bd. 351, 144. Sitz. S. 4990D;144;1921-11-11;;
Wurm;Mathilde Wurm;Reichshaushalt;Reichshaushaltsplan für 1921: Nachtrag: II. B.;Bd. 350, 130. Sitz. S. 4367B;130;1921-07-04;;
Wurm;Mathilde Wurm;Reichshaushalt;Reichshaushaltsplan für 1920. Reichsernährungsministerium: II. B.;Bd. 346, 46. Sitz. S. 1633A;46;1921-11-11;;
Wurm;Mathilde Wurm;Reichshaushalt;Reichshaushaltsplan für 1922.;Bd. 355, 213. Sitz. S. 7338A;213;1922-05-18;;
Wurm;Mathilde Wurm;Reichshaushalt;Reichshaushaltsplan für 1922: Reichswirtschaftsministerium: II. B.;Bd. 355, 217. Sitz. S. 7605A;217;1922-05-23;;
Wurm;Mathilde Wurm;Reichshaushalt;Reichshaushaltsplan für 1923: Reichsernährungsministerium: II. B.;Bd. 359, 331. Sitz. S. 10452D;331;1923-04-12;;
Wurm;Mathilde Wurm;Reichshaushalt;Reichshaushaltsplan für 1923: Reichsernährungsministerium: II. B./ Allgemeine Finanzverwaltung: II. B.;Bd. 359, 331. Sitz. S. 10460A;331;1923-04-12;;
Wurm;Mathilde Wurm;Reichshaushalt;Reichshaushaltsplan für 1923: Allgemeine Finanzverwaltung: II. B. (Geschäftsordnung);Bd. 359, 351. Sitz. S. 10962A;351;1923-05-11;;
Wurm;Mathilde Wurm;Reichshaushalt;Reichshaushaltsplan für 1923: Reichsministerium des Innern, Ergänzung: II. B.;Bd. 360, 352. Sitz. S. 10989B;352;1923-05-12;;
Wurm;Mathilde Wurm;Schulen;Grundsätzliche Interkonfessionalität der höheren Schulen, Übertragung auf die aus den Kadettenanstalten hervorgehenden Bildungsanstalten;Bd. 350, 127. Sitz. S. 4224D;127;1921-06-30;;
Wurm;Mathilde Wurm;Wehrpflicht;Abschaffung der allgemeinen Wehrpflicht. Gesetzentwurf: II. B.;Bd. 344, 14. Sitz. S. 440C;14;1920-07-30;;
Wurm;Mathilde Wurm;Wochenhilfe;Wochenhilfe und Wochenfürsorge. Gesetzentwurf: III. B.;Bd. 350, 133. Sitz. S. 4529C;133;1921-07-07;;
Wurm;Mathilde Wurm;Wohlfahrtspflege;Behebung des Notstands kultureller und gemeinnütziger Vereinigungen, namentlich der Religionsgesellschaften und der studentischen wirtschaftlichen Selbsthilfe;Bd. 360, 352. Sitz. S. 10989B;352;1923-05-12;;
Wurm;Mathilde Wurm;Zentrale für Heimatdienst;Auflösung/ Nichtveröffentlichung eines Berichts des Ausschusses zur Nachprüfung ihrer Tätigkeit/ Versagen beim Kapp-Putsch/ Einrichtung eines besonderen Heimatdienstes für Oberschlesien;Bd. 350, 130. Sitz. S. 4367B;130;1921-07-04;;
Zetkin;Clara Zetkin;Amerika, Vereinigte Staaten;Wilsons Friedensprogramm im Lichte der wirtschaftlichen und politischen Mentalität in den Vereinigten Staaten;Bd. 358, 312. Sitz. S. 9991A;312;1923-03-07;;
Zetkin;Clara Zetkin;Amnestie;Erlaß eines Amnestiegesetzes und Gewährung von Straffreiheit. Gesetzentwürfe und Anträge: I. B:;Bd. 344, 16. Sitz. S. 548B;16;1920-08-02;;
Zetkin;Clara Zetkin;Amnestie;Gewährung für alle politischen Straftaten und für Max Hölz;Bd. 351, 137. Sitz. S. 4701B;137;1921-10-01;;
Zetkin;Clara Zetkin;Arbeitslosenfürsorge;Gleiche Unterstützungssätze für männliche und weibliche Arbeitslose/ Kopfarbeiter;Bd. 345, 19. Sitz. S. 727D;19;1920-08-05;;
Zetkin;Clara Zetkin;Arbeitslosigkeit;Wesen und Entwicklung, Beseitigung durch Kontrolle der gesamten Wirtschaft durch revolutionäre Betriebsräte und Sozialisierung;Bd. 344, 6. Sitz. S. 166C;6;1920-07-02;;
Zetkin;Clara Zetkin;Aufenthaltserlaubnis;Verweigerte Verlängerung für eine russische technische Staatskommission zur Anwerbung deutscher Arbeiter;Bd. 347, 55. Sitz. S. 2060C;55;1921-01-24;;
Zetkin;Clara Zetkin;Ausnahmezustand;Verordnungen des Reichspräsidenten vom 29. August und 28. September 1921;Bd. 351, 137. Sitz. S. 4699A;137;1921-10-01;;
Zetkin;Clara Zetkin;Auswärtige Politik;Reise des Generals Neil Malcolm, Chef der britischen Militärkommission in Berlin, nach Warschau in Begleitung deutscher Offiziere. (Anfrage);Bd. 344, 14. Sitz. S. 424D;14;1920-07-30;;
Zetkin;Clara Zetkin;Bayern;Ausnahmezustand. Aufhebung. Antrag Bartz (Hannover) u. Gen./ Aufhebung der Sondergerichte. Antrag Bartz (Hannover) u. Gen.;Bd. 351, 137. Sitz. S. 4700C;137;1921-10-01;;
Zetkin;Clara Zetkin;Boelitz, preußischer Kultusminister;Schulprogramm (Geist von Potsdam);Bd. 352, 158. Sitz. S. 5528A;158;1922-01-24;;
Zetkin;Clara Zetkin;Donaustaatenföderation;Plan der Bildung eines klerikalen reaktionären monarchistischen Staatengebildes;Bd. 358, 312. Sitz. S. 9991C;312;1923-03-07;;
Zetkin;Clara Zetkin;Dr.Helfferich;Finanzpolitik;Bd. 344, 6. Sitz. S. 165A;6;1920-07-02;;
Zetkin;Clara Zetkin;Entwaffnung der Bevölkerung;Gesetzentwurf: I. B./ Ausnahmegesetz gegen die Arbeiterschaft/ Einsetzung eines Reichskommissars, Befugnisse, Mitwirkung eines parlamentarischen Beirats;Bd. 344, 15. Sitz. S. 484A;15;1920-07-31;;
Zetkin;Clara Zetkin;Entwaffnung der Bevölkerung;Gesetzentwurf: II. B./ Ausnahmegesetz gegen die Arbeiterschaft/ Einsetzung eines Reichskommissars, Befugnisse, Mitwirkung eines parlamentarischen Beirats;Bd. 344, 17. Sitz. S. 604A;17;1920-08-03;;
Zetkin;Clara Zetkin;Entwaffnung der Bevölkerung;Gesetzentwurf: III. B./ Ausnahmegesetz gegen die Arbeiterschaft/ Durchführung, Bemängelung, Waffen der Kriegervereine und Militärorganisationen/ Einsetzung eines Reichskommissars, Befugnisse, Mitwirkung eines parlamentarischen Beirats;Bd. 345, 19. Sitz. S. 701A;19;1920-08-05;;
Zetkin;Clara Zetkin;Friedensvertrag;Herabsetzung der Heerestärke;Bd. 344, 6. Sitz. S. 163A;6;1920-07-02;;
Zetkin;Clara Zetkin;Friedensvertrag;Entwaffnung der Bevölkerung;Bd. 344, 12. Sitz. S. 331C;12;1920-07-28;;
Zetkin;Clara Zetkin;Friedensvertrag;Konferenz in Spa/ Stellung der Kommunistischen Partei, Ablehnung des Abkommens/ Kohlenabkommen/ Entwaffnung der Bevölkerung;Bd. 344, 12. Sitz. S. 328D;12;1920-07-28;;
Zetkin;Clara Zetkin;Friedensvertrag;Erfüllungspolitik, moralischer Erfolg der Zersetzung der Entente/ Erfüllung durch entschädigungslose Erfassung der Sachwerte;Bd. 358, 312. Sitz. S. 9990D;312;1923-03-07;;
Zetkin;Clara Zetkin;Jugendliche Personen;Reichsjugendwohlfahrtsgesetz. Interpellation Frau Neuhaus (Westfalen)/ Freie Liebestätigkeit, private Vereinigungen, Aufrechterhaltung;Bd. 347, 58. Sitz. S. 2181D;58;1921-01-27;;
Zetkin;Clara Zetkin;Klassenherrschaft;Ablehnung durch die Regierung;Bd. 344, 6. Sitz. S. 167C;6;1920-07-02;;
Zetkin;Clara Zetkin;Kommunistische Partei;Kommunistisches Programm. Bildung revolutionärer politischer Arbeiterräte zur Umgestaltung der kapitalistischen Profitwirtschaft in die sozialistische Bedarfswirtschaft;Bd. 344, 6. Sitz. S. 164A;6;1920-07-02;;
Zetkin;Clara Zetkin;Kriegsgefangene;Russische Interniertenlager, Mißhandlung und Erschießung russischer Rotgardisten;Bd. 347, 55. Sitz. S. 2061C;55;1921-01-24;;
Zetkin;Clara Zetkin;Lebensmittelplünderungen;Hervorrufung durch Lockspitzel, namentlich in Hamburg;Bd. 344, 6. Sitz. S. 168D;6;1920-07-02;;
Zetkin;Clara Zetkin;Militärgerichtsbarkeit;Aufhebung, Kritik des Verhaltens der Koalitionsregierung;Bd. 344, 6. Sitz. S. 163C;6;1920-07-02;;
Zetkin;Clara Zetkin;Proletariat;Schaffung einer Einheitsfront, Stellung der Mehrheitssozialdemokratie;Bd. 351, 137. Sitz. S. 4702D;137;1921-10-01;;
Zetkin;Clara Zetkin;Proletariat;Schaffung einer Einheitsfront, Stellung der Mehrheitssozialdemokratie;Bd. 358, 312. Sitz. S. 9994B, D;312;1923-03-07;;
Zetkin;Clara Zetkin;Reichsregierung;Ministerium Fehrenbach. Programm/ »Kapp-Ersatz-Regierung«;Bd. 344, 6. Sitz. S. 161A;6;1920-07-02;;
Zetkin;Clara Zetkin;Republik;Schutz derselben;Bd. 351, 137. Sitz. S. 4702B;137;1921-10-01;;
Zetkin;Clara Zetkin;Rheinland;Französischer Plan der Schaffung eines unabhängigen Pufferstaats;Bd. 358, 312. Sitz. S. 9991C;312;1923-03-07;;
Zetkin;Clara Zetkin;Ruhrgebiet;Neue Gewaltmaßnahmen im Westen/ Besetzung, solidarische Gegnerschaft der deutschen und französischen Kommunisten und Sozialisten/ Passive Resistenz, Aufrechterhaltung nur durch den einheitlichen Willen der Arbeitenden;Bd. 358, 312. Sitz. S. 9989B;312;1923-03-07;;
Zetkin;Clara Zetkin;Russisch-polnischer Krieg;Deutsche Neutralität. (Anfrage);Bd. 344, 14. Sitz. S. 417C;14;1920-07-30;;
Zetkin;Clara Zetkin;Russisch-polnischer Krieg;Verhalten der Unabhängigen Sozialdemokratie, Mangel an aktiver Solidarität mit Sowjet-Rußland;Bd. 347, 55. Sitz. S. 2058C;55;1921-01-24;;
Zetkin;Clara Zetkin;Russland;Schutz- und Trutzbund zwischen Deutschland und Sowjet-Rußland, Notwendigkeit gegen den Staatsimperialismus;Bd. 344, 6. Sitz. S. 161C;6;1920-07-02;;
Zetkin;Clara Zetkin;Russland;Handelsverkehr (Wirtschaftsarbeit der Sowjetrepublik, Anerkennung durch den Reichsminister Dr. Simons);Bd. 344, 12. Sitz. S. 329C;12;1920-07-28;;
Zetkin;Clara Zetkin;Russland;Verweigerung der Genugtuung für die Ermordung des Gesandten v. Mirbach als Grund für die Nichtwiederaufnahme der Beziehungen zu Sowjet-Rußland/ Russische Einmischung in innerdeutsche Verhältnisse, Stellung der Unabhängigen Sozialdemokratie zur Note des Volksbeauftragten Haase vom 18. November 1923 an die russische Regierung/ Schutz- und Trutzbund zwischen Deutschland und Sowjet-Rußland, Notwendigkeit gegen den Staatsimperialismus/ Aufnahme der diplomatischen und wirtschaftlichen Beziehungen zu Rußland. Interpellation Aderhold/ Handelsverkehr (Frage der Möglichkeit eines Warenaustausches mit Deutschland angesichts der russischen Wirtschaftslage/ Tätigkeit Wigdor Kopps als wirtschaftlicher Interessenvertreter Rußlands in Deutschland/ Erschwerungen/ Politik der Sozialdemokratie gegenüber Sowjetrußland, Casseler Programm/ Wohlfahrtspflege im Vergleich mit Deutschland, Kriegsinvaliden-, Kinder-, Krankenfürsorge, Bildungswesen usw.;Bd. 347, 55. Sitz. S. 2058A;55;1921-01-24;;
Zetkin;Clara Zetkin;Schulen;Preisgabe des sozialistischen Schulprogramms durch die Mehrheitssozialdemokratie im Weimarer Schulkompromiß/ Mitbestimmungsrecht der Erziehungsberechtigten/ Arbeitsunterricht, Erziehungsschule statt Lernschule/ Moralunterricht/ Religionsunterricht. Ausführung des Art. 146 Abs. 2 der Reichsverfassung. (Schulformen.) Gesetzentwurf: I. B/ Spielraum der Landesgesetzgebung;Bd. 352, 158. Sitz. S. 5527A;158;1922-01-24;;
Zetkin;Clara Zetkin;Sozialdemokratie;Stellung in einer Koalition mit bürgerlichen Parteien;Bd. 351, 137. Sitz. S. 4703A;137;1921-10-01;;
Zetkin;Clara Zetkin;Sozialdemokratie;Bundesbrüderschaft mit Dr. Helfferich;Bd. 357, 260. Sitz. S. 8835D;260;1922-10-20;;
Zetkin;Clara Zetkin;Verfassung;Änderung des Art. 180 der Reichsverfassung. Gesetzentwurf Müller (Franken): I. B/ Präsidentschaftsfrage, Stellung der Linksparteien/ ;Bd. 357, 260. Sitz. S. 8830D;260;1922-10-20;;
Zetkin;Clara Zetkin;Verfassung;Staatsform. Proletarisches Deutschland auf der Integrität des deutschen Territoriums gegen jeden Imperialismus;Bd. 358, 312. Sitz. S. 9991D;312;1923-03-07;;
Zetkin;Clara Zetkin;Waffengebrauch;Aufhebung des preußischen Erlasses, betr. Anwendung der Schußwaffe;Bd. 351, 137. Sitz. S. 4702A;137;1921-10-01;;
Zetkin;Clara Zetkin;Währung;Markstützung, Zweck, Wirkung;Bd. 358, 312. Sitz. S. 9992C;312;1923-03-07;;
Zetkin;Clara Zetkin;Weltrevolution;Bewaffnung zur Niederzwingung des Militarismus und zur Vernichtung des Friedens von Versailles/ Diktatur des Proletariats, Durchführung durch das Mittel der politischen Arbeiterräte;Bd. 344, 6. Sitz. S. 162D;6;1920-07-02;;
Zetkin;Clara Zetkin;Wirtschaftlicher Wiederaufbau;Programm der Regierung und des Kommunismus;Bd. 344, 6. Sitz. S. 167B;6;1920-07-02;;
Zetkin;Clara Zetkin;Wirtschaftlicher Wiederaufbau;Gleichberechtigung der Arbeiterschaft bei der Kontrolle und Verwaltung der gesamten Wirtschaft;Bd. 345, 19. Sitz. S. 729C;19;1920-08-05;;
Ziegler;Anna Ziegler;Arbeiterschutz;Weibliche Jugend, Verhinderung der Arbeit in gewerblichen Großbetrieben vor dem 17. Lebensjahre;Bd. 355, 213. Sitz. S. 7377A;213;1922-05-18;;
Ziegler;Anna Ziegler;Einkommensteuer;Ergänzende Regelung des Steuerabzugs vom Arbeitslohn. Gesetzentwurf: I. B;Bd. 344, 9. Sitz. S. 246C;9;1920-07-06;;
Ziegler;Anna Ziegler;Einkommensteuer;Ergänzende Regelung des Steuerabzugs vom Arbeitslohn. Gesetzentwurf: I. B (persönlich);Bd. 344, 9. Sitz. S. 247D;9;1920-07-06;;
Ziegler;Anna Ziegler;Hausangestellte;"Gesetzliche Regelung der Lohn- und Arbeitsbedingungen; Erlaß eines Notgesetzes/ Lehrtöchter im Hausdienst, Lehrdienstjahr";Bd. 355, 213. Sitz. S. 7373D;213;1922-05-18;;
Ziegler;Anna Ziegler;Heeresabwicklung;Verlegung des Abwicklungsamts von Karlsruhe nach Heilbronn, Wohnungsfragen. (Anfrage);Bd. 347, 66. Sitz. S. 2380B;66;1921-02-04;;
Ziegler;Anna Ziegler;Heeresabwicklung;Verlegung des Abwicklungsamts von Karlsruhe nach Heilbronn, Wohnungsfragen. (Anfrage);Bd. 347, 66. Sitz. S. 2380D;66;1921-02-04;;
Ziegler;Anna Ziegler;Heeresabwicklung;Verlegung des Abwicklungsamts von Karlsruhe nach Heilbronn, Wohnungsfragen. (Anfrage);Bd. 347, 66. Sitz. S. 2381A;66;1921-02-04;;
Ziegler;Anna Ziegler;Kriegsbeschädigte;Behandlung, Vorgänge bei der Versammlung 1918 im Lehrervereinshause;Bd. 355, 214. Sitz. S. 7432C;214;1922-05-19;;
Ziegler;Anna Ziegler;Kriegsteilnehmer;Schutz gegen Zwangsvollstreckungen. Gesetzentwurf: I. B/ Schutz gegen Zwangsvollstreckungen, Ausdehnung der Verordnung zum Schutz der Kriegsteilnehmer auf Kriegerwitwen;Bd. 346, 49. Sitz. S. 1776A;49;1920-12-17;;
Ziegler;Anna Ziegler;Kriegsteilnehmer;Schutz gegen Zwangsvollstreckungen. Gesetzentwurf: II. B/ Schutz gegen Zwangsvollstreckungen, Ausdehnung der Verordnung zum Schutz der Kriegsteilnehmer auf Kriegerwitwen;Bd. 346, 49. Sitz. S. 1777C;49;1920-12-17;;
Ziegler;Anna Ziegler;Lazarette;Aufhebung des Schwerkriegsbeschädigten-Lazaretts Charlottenburg;Bd. 355, 214. Sitz. S. 7433C;214;1922-05-19;;
Ziegler;Anna Ziegler;Militärversorgung;Reichsversorgungsgesetz: Verhalten der Kommunistischen und Unabhängigen Sozialdemokratischen Partei bei der Ausschußberatung (persönlich) / Teuerungszulagen. Anwendung der Ermächtigung zur Erhöhung der Teuerungszulage. Antrag Müller (Franken) usw. (persönlich);Bd. 347, 66. Sitz. S. 2398B;66;1921-02-04;;
Ziegler;Anna Ziegler;Militärversorgung;Reichsversorgungsgesetz: Verhalten der Kommunistischen und Unabhängigen Sozialdemokratischen Partei bei der Ausschußberatung (persönlich)/ Teuerungszulagen. Anwendung der Ermächtigung zur Erhöhung der Teuerungszulage. Antrag Müller (Franken) usw. (persönlich);Bd. 347, 66. Sitz. S. 2398D;66;1921-02-04;;
Ziegler;Anna Ziegler;Militärversorgung;Verfahren in Versorgungssachen. Gesetzentwurf: II. B. (persönlich);Bd. 352, 152. Sitz. S. 5336B;152;1921-10-17;;
Ziegler;Anna Ziegler;Militärversorgung;Reichsversorgungsgesetz: Klassengesetz, Zustandekommen des § 28 des RVG/ Ausgleichszulage, unsoziale Wirkung durch die Ortsklasseneinteilung/ Kriegsblinde, Ruhen der Rente, Beseitigung/ Renten, Kürzungsvorschriften/ Rentenzuschläge, Erhöhung des Fonds/ Witwenversorgung. Grenze für das Ruhen der Rente/ Witwenversorgung, Unterscheidung zwischen erwerbsfähigen und erwerbsunfähigen Kriegerwitwen;Bd. 355, 214. Sitz. S. 7428A;214;1922-05-19;;
Ziegler;Anna Ziegler;Motorenbau;Entlassungen von Personal bei der Firma Benz (Mannheim). (Anfrage);Bd. 350, 122. Sitz. S. 4120A;122;1921-06-24;;
Ziegler;Anna Ziegler;Reichshaushalt;Reichshaushaltsplan für 1920. Reichsarbeitsministerium: II. B.;Bd. 347, 69. Sitz. S. 2506D;69;1921-02-25;;
Ziegler;Anna Ziegler;Reichshaushalt;Reichshaushaltsplan für 1922. Reichsarbeitsministerium: II. B.;Bd. 355, 213. Sitz. S. 7373C;213;1922-05-18;;
Ziegler;Anna Ziegler;Reichshaushalt;Reichshaushaltsplan für 1922. Reichsarbeitsministerium: II. B.;Bd. 355, 214. Sitz. S. 7427D;214;1922-05-19;;
Ziegler;Anna Ziegler;Reichshaushalt;Reichshaushaltsplan für 1922. Reichsarbeitsministerium: II. B. (persönlich);Bd. 355, 214. Sitz. S. 7444A;214;1922-05-19;;
Ziegler;Anna Ziegler;Wohnungsbau;Vorläufige Förderung. Gesetzentwurf Müller (Franken): I. B;Bd. 347, 65. Sitz. S. 2356C;65;1921-02-03;;
Zietz;Luise Zietz;Beamte;Änderungen des Besoldungsgesetzes vom 20. April 1920. Gesetzentwurf: II. B.;Bd. 346, 48. Sitz. S. 1730D;48;1920-10-15;;
Zietz;Luise Zietz;Beamte;Änderungen des Besoldungsgesetzes vom 20. April 1920. Gesetzentwurf: II. B.;Bd. 346, 48. Sitz. S. 1749C;48;1920-10-15;;
Zietz;Luise Zietz;Beamte;Sicherung einer einheitlichen Regelung der Beamtenbesoldung. Gesetzentwurf: II. B;Bd. 346, 48. Sitz. S. 1710D;48;1920-10-16;;
Zietz;Luise Zietz;Beamte;Sicherung einer einheitlichen Regelung der Beamtenbesoldung. Gesetzentwurf: II. B;Bd. 346, 48. Sitz. S. 1719C;48;1920-10-16;;
Zietz;Luise Zietz;Beamte;Besoldungsgruppen, Verminderung;Bd. 346, 48. Sitz. S. 1733D;48;1920-12-16;;
Zietz;Luise Zietz;Beamte;Teuerungszulagen, automatische Erhöhung der gleichmäßigen prozentualen Zuschläge oder einheitliche Zuschläge/ Festsetzung eines Mindestteuerungszuschlages als Garantie eines Existenzminimums (Festsetzung eines Mindestteuerungszuschlages als Garantie eines Existenzminimums);Bd. 351, 135. Sitz. S. 4588A;135;1921-09-28;;
Zietz;Luise Zietz;Beamte;Dritte Ergänzung des Besoldungsgesetzes. Gesetzentwurf: I. B/ Besoldungsgruppen, Verminderung/ Wartegeld. Erhöhung der Höchstgrenze;Bd. 351, 143. Sitz. S. 4955B;143;1921-10-11;;
Zietz;Luise Zietz;Beamte;Dritte Ergänzung des Besoldungsgesetzes. Gesetzentwurf: II. B/ Besoldungsgruppen, Verminderung/ Wartegeld. Erhöhung der Höchstgrenze;Bd. 351, 144. Sitz. S. 4969B;144;1921-11-11;;
Zietz;Luise Zietz;Beamte;Dritte Ergänzung des Besoldungsgesetzes. Gesetzentwurf: II. B/ Wartegeld. Erhöhung der Höchstgrenze;Bd. 351, 144. Sitz. S. 4973C;144;1921-11-11;;
Zietz;Luise Zietz;Beamte;Gewährung von Vorschüssen bzw. Zuschüssen des Reichs an die Länder und Gemeinden zur Erhöhung der Beamtenbesoldung;Bd. 351, 144. Sitz. S. 4974D;144;1921-11-11;;
Zietz;Luise Zietz;Bemerkungen zur Tagesordnung;Bemerkungen zur Tagesordnung;Bd. 346, 48. Sitz. S. 1701B, C;48;1920-12-16;;
Zietz;Luise Zietz;Bemerkungen zur Tagesordnung;Bemerkungen zur Tagesordnung;Bd. 351, 149. Sitz. S. 5226A;149;1921-12-14;;
Zietz;Luise Zietz;Diätare;Unterschiedlichkeit der Bezüge der männlichen und weiblichen Diätare;Bd. 351, 135. Sitz. S. 4588C;135;1921-09-28;;
Zietz;Luise Zietz;Eisenbahnen;"Befristete Forderung der Eisenbahnorganisationen an den Hauptausschuß auf Änderung der Besoldungsordnung und des Lohntarifs; Abbruch der Ausschuß-Verhandlungen";Bd. 344, 15. Sitz. S. 503B;15;1920-07-31;;
Zietz;Luise Zietz;Eisenbahnen;"Befristete Forderung der Eisenbahnorganisationen an den Hauptausschuß auf Änderung der Besoldungsordnung und des Lohntarifs; Abbruch der Ausschuß-Verhandlungen";Bd. 344, 15. Sitz. S. 514A;15;1920-07-31;;
Zietz;Luise Zietz;Fischereigewerbe;Verbleib der dem Reichskommissar für Fischversorgung v. Flügge übergebenen Sammelgelder des Reichsverbandes für See- und Küstenfischer zur Unterstützung heimkehrender Mitglieder. (Anfrage);Bd. 348, 85. Sitz. S. 2948D;85;1921-03-15;;
Zietz;Luise Zietz;Frauen;Stellung des Zentrums zu Frauenfragen, Beeinflussung der Zentrumsfrauen durch den Abg. Trimborn;Bd. 348, 78. Sitz. S. 2737C;78;1921-03-08;;
Zietz;Luise Zietz;Frauen;Stellung des Zentrums zu Frauenfragen, Beeinflussung der Zentrumsfrauen durch den Abg. Trimborn (persönlich);Bd. 348, 78. Sitz. S. 2740C;78;1921-03-08;;
Zietz;Luise Zietz;Gerichte;Entlastung der Gerichte. Gesetzentwurf: II. B.;Bd. 347, 73. Sitz. S. 2622C;73;1921-03-02;;
Zietz;Luise Zietz;Gerichte;Entlastung der Gerichte. Gesetzentwurf: III. B.;Bd. 348, 78. Sitz. S. 2737A;78;1921-03-08;;
Zietz;Luise Zietz;Gerichte;Entlastung der Gerichte. Gesetzentwurf: III. B. (persönlich);Bd. 348, 78. Sitz. S. 2740C;78;1921-03-08;;
Zietz;Luise Zietz;Gerichtsverfassung;Zulassung der Frauen zum Schöffen- und Geschworenenamt;Bd. 347, 73. Sitz. S. 2622C;73;1921-03-02;;
Zietz;Luise Zietz;Gerichtsverfassung;Zulassung der Frauen zum Schöffen- und Geschworenenamt;Bd. 348, 78. Sitz. S. 2737C;78;1921-03-08;;
Zietz;Luise Zietz;Gewerbe- und Kaufmannsgerichte;Passives Wahlrecht der Frauen;Bd. 348, 74. Sitz. S. 2638A;74;1921-03-03;;
Zietz;Luise Zietz;Gewerbe- und Kaufmannsgerichte;Passives Wahlrecht der Frauen;Bd. 348, 74. Sitz. S. 2641C;74;1921-03-03;;
Zietz;Luise Zietz;Gewerbe- und Kaufmannsgerichte;Gesetzentwurf zur Abänderung des Gewerbegerichtsgesetzes und des Kaufmannsgerichtsgesetzes: I. B/ Gewerbe- und Kaufmannsgerichte, Gebührenerhöhung;Bd. 351, 148. Sitz. S. 5176B;148;1921-12-13;;
Zietz;Luise Zietz;Kleinrentner;Einbeziehung in die Preisermäßigungen für Minderbemittelte und Gewährung von Staatsbeihilfen;Bd. 345, 18. Sitz. S. 650D;18;1920-08-04;;
Zietz;Luise Zietz;Ortsklassenverzeichnis;Stellung des Gutachtenausschusses der Beamten;Bd. 348, 88. Sitz. S. 3229D;88;1921-03-18;;
Zietz;Luise Zietz;Ortsklassenverzeichnis;Stellung des Gutachtenausschusses der Beamten;Bd. 348, 88. Sitz. S. 3231D;88;1921-03-18;;
Zietz;Luise Zietz;Ortsklassenverzeichnis;Änderung der Einteilung;Bd. 351, 143. Sitz. S. 4959B;143;1921-11-10;;
Zietz;Luise Zietz;Pensionswesen;Witwengeld, Erhöhung der Höchstgrenze;Bd. 351, 143. Sitz. S. 4958C;143;1921-11-10;;
Zietz;Luise Zietz;Pensionswesen;Witwengeld, Erhöhung der Höchstgrenze;Bd. 351, 144. Sitz. S. 4972C;144;1921-11-11;;
Zietz;Luise Zietz;Postwesen;Beamtenausschüsse, Verordnung des Postministeriums vom 1. Juli 1920 über das Wahlverfahren/ Anwerbung politisch indifferenter ländlicher Postillione;Bd. 344, 15. Sitz. S. 513C;15;1920-07-31;;
Zietz;Luise Zietz;Postwesen;Beamtenausschüsse, Verordnung des Postministeriums vom 1. Juli 1920 über das Wahlverfahren/ Gleichstellung von Postsekretären aus dem Militäranwärterstande mit den Zivilanwärtern;Bd. 344, 15. Sitz. S. 500C;15;1920-07-31;;
Zietz;Luise Zietz;Postwesen;Anwerbung politisch indifferenter ländlicher Postillione;Bd. 345, 18. Sitz. S. 674B;18;1920-08-04;;
Zietz;Luise Zietz;Postwesen;Uneheliche Mütter, Entlassung, Stellung der Berufsvertretungen;Bd. 348, 87. Sitz. S. 3162C;87;1921-03-17;;
Zietz;Luise Zietz;Postwesen;Entlassung von Angestellten bei Fernsprechämtern und beim Postscheckamt zwecks Schaffung eines homogenen Beamtenkörpers. (Anfrage);Bd. 351, 142. Sitz. S. 4869B;142;1921-11-08;;
Zietz;Luise Zietz;Reichshaushalt;Weitere vorläufige Regelung des Reichshaushalts für 1920: Reichspostministerium: II. B.;Bd. 344, 15. Sitz. S. 500C;15;1920-07-31;;
Zietz;Luise Zietz;Reichshaushalt;Weitere vorläufige Regelung des Reichshaushalts für 1920: Reichspostministerium: II. B.;Bd. 344, 15. Sitz. S. 513C;15;1920-07-31;;
Zietz;Luise Zietz;Reichshaushalt;Weitere vorläufige Regelung des Reichshaushalts für 1920: Reichswirtschaftsministerium: III. B. (Entschließungen zum Gesetzesentwurf);Bd. 345, 18. Sitz. S. 675A;18;1920-08-04;;
Zietz;Luise Zietz;Reichshaushalt;Weitere vorläufige Regelung des Reichshaushalts für 1920: Reichswirtschaftsministerium: III. B./ Reichswehrministerium: III. B.;Bd. 345, 18. Sitz. S. 650D;18;1920-08-04;;
Zietz;Luise Zietz;Reichshaushalt;Weitere vorläufige Regelung des Reichshaushalts für 1920: Reichswirtschaftsministerium: III. B./ Reichswehrministerium: III. B.;Bd. 345, 18. Sitz. S. 662A;18;1920-08-04;;
Zietz;Luise Zietz;Reichshaushalt;Desgleichen: II. B. (Geschäftsordnung);Bd. 346, 44. Sitz. S. 1576A;44;1920-12-09;;
Zietz;Luise Zietz;Reichshaushalt;Desgleichen: II. B. (persönlich);Bd. 346, 44. Sitz. S. 1575A;44;1920-12-09;;
Zietz;Luise Zietz;Reichshaushalt;Reichshaushalt für 1920: Reichspostministerium: II. B.;Bd. 348, 87. Sitz. S. 3162C;87;1921-03-17;;
Zietz;Luise Zietz;Reichshaushalt;Reichshaushalt für 1921: Zweiter Nachtrag: I. B;Bd. 351, 135. Sitz. S. 4587D;135;1921-09-28;;
Zietz;Luise Zietz;Reichshaushalt;Reichshaushalt für 1921: Vierter Nachtrag: I. B;Bd. 352, 156. Sitz. S. 5440A;156;1922-01-21;;
Zietz;Luise Zietz;Reichstagsverwaltung;Hilfspersonal, Überführung in Beamtenstellen;Bd. 346, 48. Sitz. S. 1734B;48;1920-12-16;;
Zietz;Luise Zietz;Reichstagsverwaltung;Restauration, Entlohnung der Kellner;Bd. 351, 143. Sitz. S. 4959A;143;1921-11-10;;
Zietz;Luise Zietz;Reichsversicherungsanstalt für Angestellte;"Besoldungsverhältnisse der Angestellten; Streik im November 1921";Bd. 351, 144. Sitz. S. 4976A;144;1921-11-11;;
Zietz;Luise Zietz;Übergangswirtschaft;Vereinfachte Form der Gesetzgebung für die Zwecke der Übergangswirtschaft. Gesetzentwurf: II. B.;Bd. 344, 9. Sitz. S. 250A;9;1920-07-06;;
Zietz;Luise Zietz;Wochenhilfe;Gesetzentwurf: II. B.;Bd. 351, 160. Sitz. S. 5246B;160;1921-12-15;;
